file_path,source_folder,expected_label,predicted_label,predicted_label_ko,is_correct,confidence,confidence_level,classification_margin,is_borderline,second_candidate,second_score,error_code,message,ratio_face_height_px,ratio_face_width_px,ratio_face_length_width_ratio,ratio_forehead_width_px,ratio_cheekbone_width_px,ratio_jaw_width_px,ratio_forehead_to_cheekbone_ratio,ratio_jaw_to_cheekbone_ratio,ratio_jaw_angle_width_px,ratio_jaw_angle_width_to_cheekbone_ratio,ratio_chin_to_jaw_depth_px,ratio_chin_to_jaw_depth_to_face_height_ratio,ratio_lower_face_height_px,ratio_lower_face_height_to_face_height_ratio,ratio_eye_outer_width_px,ratio_eye_inner_distance_px,ratio_eye_outer_width_to_face_width_ratio,ratio_eye_inner_distance_to_face_width_ratio,ratio_lower_jaw_width_px,ratio_lower_jaw_width_to_cheekbone_ratio,ratio_jaw_taper_ratio,ratio_forehead_to_jaw_ratio,ratio_forehead_to_lower_jaw_ratio,ratio_jaw_to_face_width_ratio,ratio_lower_jaw_to_face_width_ratio,ratio_chin_sharpness_ratio,ratio_nose_length_px,ratio_nose_length_to_face_height_ratio,ratio_mouth_width_px,ratio_mouth_height_px,ratio_mouth_width_to_face_width_ratio,ratio_nose_center_offset_x_px,ratio_midface_height_ratio,ratio_philtrum_to_chin_ratio,ratio_temple_to_cheekbone_ratio,ratio_gonial_angle_proxy,ratio_jawline_curvature_index,ratio_cheekbone_peak_y_ratio,ratio_jaw_slope_angle,ratio_intercanthal_to_face_width,ratio_facial_asymmetry_index,score_round,score_oval,score_long,score_square,score_heart,quality_quality_score,quality_quality_status,quality_is_acceptable,quality_frontal_score,quality_eye_level_score,quality_face_center_offset_x_ratio,quality_eye_level_diff_to_face_width_ratio
sampleimg/Heart/heart (34).jpg,Heart,heart,heart,하트형,True,0.604,high,0.372,False,long,0.232,,,200.0,164.0,1.2195,123.0,164.0,125.02,0.75,0.7623,125.02,0.7623,50.0,0.25,81.0,0.405,110.0,41.0,0.6708,0.25,88.02,0.5367,0.7041,0.9839,1.3974,0.7623,0.5367,0.568,57.14,0.2857,57.01,0.0,0.3476,17.0,0.3102,0.29,0.8903,141.17,0.1171,0.385,145.39,0.25,0.1585,0.0015,0.1615,0.232,0.001,0.604,0.451,warning,True,0.1358,0.9237,0.1037,0.0061
sampleimg/Heart/heart (53).jpg,Heart,heart,long,긴형,False,0.3628,low,0.0017,True,oval,0.3611,,,307.42,246.4,1.2476,175.35,246.4,196.25,0.7116,0.7965,196.25,0.7965,67.0,0.2179,141.0,0.4587,159.31,59.08,0.6466,0.2398,137.18,0.5567,0.699,0.8935,1.2782,0.7965,0.5567,0.4884,77.0,0.2505,114.11,20.0,0.4631,11.0,0.2831,0.2076,0.8458,138.4,0.1274,0.4066,143.41,0.2398,0.0893,0.0079,0.3611,0.3628,0.0159,0.2524,0.574,warning,True,0.6283,0.4925,0.0446,0.0406
sampleimg/Heart/heart (829).jpg,Heart,heart,heart,하트형,True,0.4313,medium,0.0665,False,oval,0.3648,,,448.0,384.02,1.1666,285.02,384.02,292.03,0.7422,0.7604,292.03,0.7604,96.0,0.2143,189.0,0.4219,243.02,94.0,0.6328,0.2448,203.04,0.5287,0.6953,0.976,1.4037,0.7604,0.5287,0.4728,123.02,0.2746,148.08,16.0,0.3856,7.0,0.3058,0.2341,0.888,138.27,0.113,0.4286,147.58,0.2448,0.026,0.1702,0.3648,0.0109,0.0228,0.4313,0.87,good,True,0.8483,0.9025,0.0182,0.0078
sampleimg/Heart/heart (736).jpg,Heart,heart,heart,하트형,True,0.7464,high,0.6348,False,oval,0.1116,,,165.51,139.18,1.1892,103.12,139.18,112.07,0.7409,0.8052,112.07,0.8052,41.0,0.2477,72.0,0.435,95.01,38.01,0.6826,0.2731,79.03,0.5678,0.7051,0.9201,1.3049,0.8052,0.5678,0.5188,45.0,0.2719,61.13,11.05,0.4392,9.5,0.2963,0.216,0.8776,135.4,0.1352,0.3686,143.91,0.2731,0.1365,0.0107,0.1116,0.0515,0.0797,0.7464,0.6225,warning,True,0.4308,0.91,0.0683,0.0072
sampleimg/Heart/heart (594).jpg,Heart,heart,heart,하트형,True,0.4442,medium,0.0912,False,oval,0.353,,,391.02,336.38,1.1624,234.31,336.38,272.31,0.6966,0.8095,272.31,0.8095,104.5,0.2672,160.0,0.4092,221.58,89.56,0.6587,0.2662,185.17,0.5505,0.68,0.8604,1.2653,0.8095,0.5505,0.5643,112.0,0.2864,159.01,28.02,0.4727,2.0,0.3043,0.1679,0.8305,139.09,0.1195,0.3811,143.82,0.2662,0.0119,0.058,0.353,0.1293,0.0156,0.4442,0.7325,good,True,0.9508,0.405,0.0059,0.0476
sampleimg/Heart/heart (751).jpg,Heart,heart,heart,하트형,True,0.3533,medium,0.0579,False,round,0.2955,,,114.0,97.05,1.1747,72.01,97.05,77.1,0.742,0.7945,77.1,0.7945,27.0,0.2368,47.0,0.4123,64.03,24.0,0.6598,0.2473,54.15,0.558,0.7023,0.9339,1.3298,0.7945,0.558,0.4986,33.14,0.2907,40.05,0.0,0.4127,13.5,0.3159,0.2634,0.8759,143.88,0.1233,0.3772,136.91,0.2473,0.2164,0.2955,0.2253,0.0569,0.0691,0.3533,0.297,low,False,0.0,0.7425,0.1391,0.0206
sampleimg/Heart/heart (15).jpg,Heart,heart,heart,하트형,True,0.3786,low,0.0369,True,oval,0.3417,,,143.22,123.26,1.162,91.14,123.26,97.25,0.7394,0.789,97.25,0.789,37.5,0.2618,51.0,0.3561,81.1,31.06,0.6579,0.252,65.19,0.5289,0.6703,0.9371,1.398,0.789,0.5289,0.5752,46.17,0.3224,57.14,6.0,0.4636,8.5,0.3358,0.1135,0.8699,139.98,0.109,0.391,147.8,0.252,0.073,0.1884,0.3417,0.07,0.0213,0.3786,0.4925,warning,True,0.425,0.5938,0.069,0.0325
sampleimg/Heart/heart (727).jpg,Heart,heart,oval,계란형 또는 일반형,False,0.4499,medium,0.054,False,heart,0.3959,,,540.67,462.68,1.1686,331.73,462.68,358.36,0.717,0.7745,358.36,0.7745,118.0,0.2182,248.0,0.4587,292.49,117.21,0.6322,0.2533,252.2,0.5451,0.7038,0.9257,1.3154,0.7745,0.5451,0.4679,139.03,0.2571,188.02,37.05,0.4064,17.0,0.2906,0.2011,0.8553,139.34,0.1056,0.4513,147.7,0.2533,0.0865,0.1236,0.4499,0.0171,0.0136,0.3959,0.633,warning,True,0.6942,0.5413,0.0367,0.0367
sampleimg/Heart/heart (502).jpg,Heart,heart,heart,하트형,True,0.3725,medium,0.0935,False,oval,0.279,,,159.08,136.09,1.1689,101.08,136.09,108.17,0.7427,0.7948,108.17,0.7948,40.0,0.2514,63.0,0.396,91.14,36.01,0.6697,0.2646,76.11,0.5592,0.7036,0.9345,1.3282,0.7948,0.5592,0.5256,46.1,0.2898,51.0,0.0,0.3747,10.0,0.3146,0.2834,0.8749,142.59,0.1271,0.3646,138.14,0.2646,0.1029,0.1272,0.279,0.106,0.1153,0.3725,0.449,warning,True,0.3875,0.5413,0.0735,0.0367
sampleimg/Heart/heart (559).jpg,Heart,heart,oval,계란형 또는 일반형,False,0.4402,high,0.2276,False,heart,0.2126,,,161.05,134.03,1.2016,98.05,134.03,104.0,0.7315,0.776,104.0,0.776,36.5,0.2266,63.0,0.3912,86.05,33.06,0.642,0.2467,72.01,0.5372,0.6923,0.9427,1.3616,0.776,0.5372,0.5069,48.0,0.298,52.01,0.0,0.388,3.0,0.3229,0.2037,0.8732,138.05,0.1257,0.3974,145.08,0.2467,0.0448,0.1388,0.4402,0.1701,0.0383,0.2126,0.776,good,True,0.8133,0.72,0.0224,0.0224
sampleimg/Heart/heart (17).jpg,Heart,heart,heart,하트형,True,0.4428,high,0.1861,False,round,0.2567,,,287.09,246.0,1.167,187.01,246.0,189.02,0.7602,0.7684,189.02,0.7684,64.5,0.2247,115.0,0.4006,164.03,65.03,0.6668,0.2644,131.03,0.5327,0.6932,0.9893,1.4272,0.7684,0.5327,0.4922,83.01,0.2891,100.12,1.0,0.407,11.0,0.3135,0.2852,0.9025,142.13,0.107,0.4145,143.75,0.2644,0.0813,0.2567,0.2437,0.0139,0.0429,0.4428,0.7155,good,True,0.6275,0.8475,0.0447,0.0122
sampleimg/Heart/heart (938).jpg,Heart,heart,heart,하트형,True,0.6465,high,0.467,False,long,0.1794,,,174.18,141.0,1.2353,103.08,141.0,106.02,0.731,0.7519,106.02,0.7519,42.0,0.2411,76.0,0.4363,90.01,37.01,0.6383,0.2625,74.11,0.5256,0.699,0.9723,1.3909,0.7519,0.5256,0.5667,46.27,0.2656,62.13,11.0,0.4406,30.5,0.2929,0.2009,0.8728,139.9,0.1168,0.4019,148.54,0.2625,0.3617,0.0002,0.1738,0.1794,0.0001,0.6465,0.3645,low,False,0.0,0.9113,0.2163,0.0071
sampleimg/Heart/heart (869).jpg,Heart,heart,square,사각형,False,0.3225,low,0.0226,True,round,0.2999,,,203.3,176.1,1.1544,132.14,176.1,139.01,0.7503,0.7894,139.01,0.7894,49.0,0.241,76.0,0.3738,114.11,42.01,0.648,0.2386,96.01,0.5452,0.6906,0.9505,1.3763,0.7894,0.5452,0.5104,62.0,0.305,62.01,0.0,0.3521,13.0,0.3248,0.3409,0.8867,135.99,0.1286,0.3689,146.31,0.2386,0.1476,0.2999,0.1866,0.0185,0.3225,0.1726,0.489,warning,True,0.385,0.645,0.0738,0.0284
sampleimg/Heart/heart (111).jpg,Heart,heart,oval,계란형 또는 일반형,False,0.4682,medium,0.1204,False,heart,0.3478,,,974.43,794.53,1.2264,583.25,794.53,624.67,0.7341,0.7862,624.67,0.7862,211.5,0.217,403.0,0.4136,537.37,208.24,0.6763,0.2621,421.47,0.5305,0.6747,0.9337,1.3838,0.7862,0.5305,0.5018,272.59,0.2797,421.38,72.06,0.5304,43.0,0.3051,0.1788,0.8688,136.3,0.1181,0.4392,149.84,0.2621,0.0629,0.0431,0.4682,0.1094,0.0316,0.3478,0.6035,warning,True,0.5492,0.685,0.0541,0.0252
sampleimg/Heart/heart (698).jpg,Heart,heart,heart,하트형,True,0.3673,medium,0.111,False,round,0.2563,,,171.66,153.39,1.1191,117.27,153.39,121.26,0.7645,0.7905,121.26,0.7905,43.0,0.2505,64.0,0.3728,99.25,39.12,0.647,0.255,82.22,0.536,0.678,0.9671,1.4263,0.7905,0.536,0.523,51.24,0.2985,72.25,8.06,0.471,4.5,0.3159,0.1768,0.8955,138.89,0.1249,0.3495,139.99,0.255,0.0065,0.2563,0.1728,0.0026,0.2011,0.3673,0.6255,warning,True,0.7558,0.43,0.0293,0.0456
sampleimg/Heart/heart (956).jpg,Heart,heart,heart,하트형,True,0.5461,high,0.3584,False,round,0.1877,,,284.38,253.95,1.1198,194.83,253.95,196.65,0.7672,0.7744,196.65,0.7744,71.0,0.2497,114.0,0.4009,169.58,65.62,0.6678,0.2584,138.44,0.5451,0.704,0.9908,1.4074,0.7744,0.5451,0.5129,81.3,0.2859,106.23,15.13,0.4183,0.5,0.3072,0.1988,0.9016,142.45,0.0955,0.4255,148.05,0.2584,0.0512,0.1877,0.1658,0.0039,0.0965,0.5461,0.7145,good,True,0.9833,0.3113,0.002,0.0551
sampleimg/Heart/heart (978).jpg,Heart,heart,oval,계란형 또는 일반형,False,0.5872,high,0.3315,False,heart,0.2557,,,252.2,209.15,1.2058,158.11,209.15,158.08,0.756,0.7558,158.08,0.7558,55.5,0.2201,95.0,0.3767,136.09,53.04,0.6507,0.2536,108.07,0.5167,0.6837,1.0002,1.463,0.7558,0.5167,0.5135,76.06,0.3016,103.04,18.03,0.4927,0.5,0.3214,0.1579,0.8947,139.94,0.1205,0.4005,143.37,0.2536,0.0239,0.0626,0.5872,0.0804,0.0141,0.2557,0.8685,good,True,0.98,0.7012,0.0024,0.0239
sampleimg/Heart/heart (316).jpg,Heart,heart,,,False,,,,,,,MULTIPLE_FACES_DETECTED,여러 명의 얼굴이 감지되었습니다. 한 명의 얼굴만 포함된 이미지를 사용해주세요.,,,,,,,,,,,,,,,,,,,,,,,,,,,,,,,,,,,,,,,,,,,,,,,,,,,,,
sampleimg/Heart/heart (370).jpg,Heart,heart,heart,하트형,True,0.5498,high,0.1974,False,oval,0.3524,,,88.07,73.55,1.1975,50.99,73.55,56.09,0.6933,0.7626,56.09,0.7626,18.5,0.2101,42.0,0.4769,45.89,17.46,0.624,0.2375,39.05,0.531,0.6962,0.9091,1.3057,0.7626,0.531,0.4737,21.84,0.248,32.76,8.06,0.4454,7.0,0.2919,0.2203,0.8453,138.56,0.091,0.5109,159.62,0.2375,0.0272,0.0541,0.3524,0.0429,0.0009,0.5498,0.124,low,False,0.2067,0.0,0.0952,0.1224
sampleimg/Heart/heart (680).jpg,Heart,heart,heart,하트형,True,0.594,high,0.3784,False,oval,0.2156,,,289.56,242.25,1.1953,180.14,242.25,189.13,0.7436,0.7807,189.13,0.7807,73.5,0.2538,117.0,0.4041,170.11,64.03,0.7022,0.2643,133.09,0.5494,0.7037,0.9524,1.3535,0.7807,0.5494,0.5522,84.1,0.2904,98.33,13.0,0.4059,3.0,0.3113,0.2508,0.8799,140.73,0.1279,0.3626,140.38,0.2643,0.0578,0.0098,0.2156,0.1719,0.0086,0.594,0.814,good,True,0.8967,0.69,0.0124,0.0248
sampleimg/Heart/heart (987).jpg,Heart,heart,square,사각형,False,0.3904,medium,0.1158,False,round,0.2746,,,171.0,144.0,1.1875,102.02,144.0,116.0,0.7085,0.8056,116.0,0.8056,34.5,0.2018,81.0,0.4737,95.0,39.01,0.6597,0.2709,82.01,0.5695,0.7069,0.8794,1.244,0.8056,0.5695,0.4207,42.11,0.2462,55.08,9.0,0.3825,13.0,0.2926,0.2585,0.8543,132.95,0.1233,0.4386,152.39,0.2709,0.1389,0.2746,0.1387,0.0157,0.3904,0.1807,0.5485,warning,True,0.2475,1.0,0.0903,0.0
sampleimg/Heart/heart (76).jpg,Heart,heart,heart,하트형,True,0.5121,medium,0.0544,False,long,0.4577,,,180.22,146.28,1.2321,111.04,146.28,113.86,0.7591,0.7784,113.86,0.7784,50.0,0.2774,67.0,0.3718,100.32,36.22,0.6858,0.2476,77.78,0.5317,0.6831,0.9752,1.4276,0.7784,0.5317,0.6428,55.73,0.3092,51.04,0.0,0.3489,49.0,0.322,0.298,0.8962,161.15,0.1083,0.3218,119.31,0.2476,0.5469,0.001,0.0292,0.4577,0.0,0.5121,0.1265,low,False,0.0,0.3163,0.335,0.0547
sampleimg/Heart/heart (473).jpg,Heart,heart,heart,하트형,True,0.7658,high,0.631,False,oval,0.1348,,,298.14,247.03,1.2069,186.01,247.03,190.01,0.753,0.7692,190.01,0.7692,72.0,0.2415,129.0,0.4327,163.0,66.01,0.6598,0.2672,136.01,0.5506,0.7158,0.9789,1.3676,0.7692,0.5506,0.5294,81.01,0.2717,101.6,16.0,0.4113,5.5,0.2986,0.2303,0.8947,141.83,0.1153,0.3991,142.46,0.2672,0.0526,0.0042,0.1348,0.0915,0.0037,0.7658,0.8885,good,True,0.8142,1.0,0.0223,0.0
sampleimg/Heart/heart (492).jpg,Heart,heart,heart,하트형,True,0.4139,medium,0.0522,False,oval,0.3617,,,323.15,266.05,1.2147,201.02,266.05,206.04,0.7556,0.7744,206.04,0.7744,75.0,0.2321,122.0,0.3775,181.07,74.03,0.6806,0.2782,141.03,0.5301,0.6845,0.9757,1.4254,0.7744,0.5301,0.5318,98.18,0.3038,97.02,1.0,0.3647,16.0,0.3313,0.3145,0.8909,138.66,0.135,0.3899,141.27,0.2782,0.0752,0.0462,0.3617,0.1625,0.0157,0.4139,0.6055,warning,True,0.4992,0.765,0.0601,0.0188
sampleimg/Heart/heart (67).jpg,Heart,heart,square,사각형,False,0.5515,high,0.1569,False,round,0.3946,,,162.31,142.23,1.1412,103.17,142.23,114.16,0.7254,0.8027,114.16,0.8027,34.0,0.2095,65.0,0.4005,94.13,36.0,0.6619,0.2531,78.16,0.5496,0.6847,0.9038,1.32,0.8027,0.5496,0.435,45.18,0.2783,49.01,0.0,0.3446,5.0,0.309,0.3074,0.8662,134.08,0.1358,0.3882,145.08,0.2531,0.0141,0.3946,0.0423,0.0009,0.5515,0.0106,0.648,warning,True,0.7067,0.56,0.0352,0.0352
sampleimg/Heart/heart (990).jpg,Heart,heart,heart,하트형,True,0.5054,medium,0.0987,False,long,0.4067,,,207.17,170.04,1.2184,128.86,170.04,130.86,0.7578,0.7696,130.86,0.7696,56.0,0.2703,77.0,0.3717,111.99,41.59,0.6586,0.2446,91.92,0.5406,0.7024,0.9847,1.4018,0.7696,0.5406,0.6092,61.4,0.2964,73.55,0.0,0.4325,15.5,0.3182,0.241,0.895,142.09,0.1518,0.2703,133.69,0.2446,0.2646,0.0003,0.087,0.4067,0.0007,0.5054,0.144,low,False,0.24,0.0,0.0912,0.1235
sampleimg/Heart/heart (831).jpg,Heart,heart,round,둥근형,False,0.4751,high,0.2513,False,oval,0.2237,,,156.08,136.06,1.1472,102.02,136.06,106.04,0.7498,0.7794,106.04,0.7794,38.5,0.2467,56.0,0.3588,90.02,34.0,0.6616,0.2499,73.03,0.5367,0.6887,0.9621,1.397,0.7794,0.5367,0.5272,49.04,0.3142,49.09,0.0,0.3608,4.0,0.3332,0.2967,0.8894,141.09,0.1208,0.3652,141.34,0.2499,0.0294,0.4751,0.2237,0.0268,0.0917,0.1827,0.7795,good,True,0.755,0.8163,0.0294,0.0147
sampleimg/Heart/heart (591).jpg,Heart,heart,heart,하트형,True,0.8534,high,0.7347,False,oval,0.1187,,,140.8,122.41,1.1503,94.43,122.41,93.19,0.7714,0.7613,93.19,0.7613,36.0,0.2557,53.0,0.3764,84.21,31.06,0.688,0.2538,64.07,0.5234,0.6875,1.0133,1.4738,0.7613,0.5234,0.5619,43.01,0.3055,47.27,2.0,0.3861,10.0,0.3274,0.2475,0.9105,139.68,0.1243,0.3409,142.05,0.2538,0.1797,0.0173,0.1187,0.0078,0.0028,0.8534,0.3465,low,False,0.3192,0.3875,0.0817,0.049
sampleimg/Heart/heart (985).jpg,Heart,heart,square,사각형,False,0.6467,high,0.4859,False,round,0.1607,,,167.3,141.29,1.1841,103.31,141.29,113.11,0.7312,0.8006,113.11,0.8006,35.5,0.2122,74.0,0.4423,91.27,37.05,0.646,0.2623,81.02,0.5735,0.7163,0.9134,1.275,0.8006,0.5735,0.4381,44.0,0.263,51.0,0.0,0.361,11.5,0.2931,0.3069,0.8658,137.41,0.114,0.4543,147.09,0.2623,0.1628,0.1607,0.1253,0.0168,0.6467,0.0506,0.3455,low,False,0.3217,0.3812,0.0814,0.0495
sampleimg/Heart/heart (821).jpg,Heart,heart,heart,하트형,True,0.4689,medium,0.1203,False,long,0.3486,,,883.91,710.97,1.2432,526.32,710.97,550.46,0.7403,0.7742,550.46,0.7742,210.0,0.2376,381.0,0.431,459.92,180.62,0.6469,0.2541,387.41,0.5449,0.7038,0.9561,1.3586,0.7742,0.5449,0.5421,237.61,0.2688,318.9,66.37,0.4486,18.5,0.2953,0.2197,0.8787,141.76,0.1067,0.4446,146.5,0.2541,0.0999,0.0019,0.1785,0.3486,0.002,0.4689,0.5745,warning,True,0.7833,0.2612,0.026,0.0591
sampleimg/Heart/heart (263).jpg,Heart,heart,heart,하트형,True,0.7396,high,0.5634,False,long,0.1762,,,350.52,292.17,1.1997,228.18,292.17,232.11,0.781,0.7944,232.11,0.7944,96.5,0.2753,143.0,0.408,199.02,80.02,0.6812,0.2739,169.07,0.5787,0.7284,0.9831,1.3496,0.7944,0.5787,0.5708,101.04,0.2883,141.29,26.02,0.4836,10.0,0.3086,0.1631,0.9076,145.47,0.1108,0.3794,140.3,0.2739,0.089,0.0029,0.0547,0.1762,0.0266,0.7396,0.7775,good,True,0.715,0.8712,0.0342,0.0103
sampleimg/Heart/heart (134).jpg,Heart,heart,heart,하트형,True,0.7477,high,0.5733,False,oval,0.1744,,,1013.26,817.71,1.2391,608.4,817.71,604.74,0.744,0.7396,604.74,0.7396,233.0,0.23,461.0,0.455,510.32,184.27,0.6241,0.2254,427.52,0.5228,0.7069,1.006,1.4231,0.7396,0.5228,0.545,260.32,0.2569,388.87,158.26,0.4756,33.5,0.2864,0.0887,0.8848,142.34,0.1052,0.4392,146.15,0.2254,0.0501,0.0002,0.1744,0.0777,0.0,0.7477,0.685,warning,True,0.6583,0.725,0.041,0.022
sampleimg/Heart/heart (437).jpg,Heart,heart,heart,하트형,True,0.8174,high,0.6443,False,oval,0.1731,,,205.16,177.1,1.1584,134.09,177.1,131.1,0.7572,0.7402,131.1,0.7402,50.5,0.2462,82.0,0.3997,112.07,40.05,0.6328,0.2261,89.05,0.5028,0.6793,1.0229,1.5058,0.7402,0.5028,0.5671,59.03,0.2878,73.03,15.03,0.4123,0.5,0.3072,0.1336,0.8982,144.51,0.1034,0.3851,140.81,0.2261,0.0282,0.0044,0.1731,0.005,0.0001,0.8174,0.873,good,True,0.9767,0.7175,0.0028,0.0226
sampleimg/Heart/heart (585).jpg,Heart,heart,square,사각형,False,0.4515,high,0.2334,False,oval,0.218,,,193.15,160.02,1.207,114.98,160.02,131.64,0.7186,0.8227,131.64,0.8227,44.5,0.2304,81.0,0.4194,105.57,39.2,0.6598,0.245,90.45,0.5653,0.6871,0.8734,1.2712,0.8227,0.5653,0.492,53.15,0.2752,73.55,10.05,0.4597,8.5,0.3019,0.2149,0.8496,134.31,0.147,0.3521,142.72,0.245,0.1562,0.0579,0.218,0.1158,0.4515,0.1568,0.391,low,False,0.5575,0.1413,0.0531,0.0687
sampleimg/Heart/heart (99).jpg,Heart,heart,heart,하트형,True,0.6084,high,0.2458,False,oval,0.3625,,,259.43,216.19,1.2,164.15,216.19,163.11,0.7593,0.7545,163.11,0.7545,57.0,0.2197,102.0,0.3932,146.17,56.04,0.6761,0.2592,108.07,0.4999,0.6626,1.0064,1.5189,0.7545,0.4999,0.5274,73.06,0.2816,97.05,0.0,0.4489,1.0,0.3087,0.3199,0.8983,139.59,0.1183,0.4086,143.13,0.2592,0.037,0.0142,0.3625,0.0133,0.0016,0.6084,0.815,good,True,0.9617,0.595,0.0046,0.0324
sampleimg/Heart/heart (784).jpg,Heart,heart,heart,하트형,True,0.921,high,0.8564,False,long,0.0645,,,372.34,301.24,1.236,233.02,301.24,228.97,0.7735,0.7601,228.97,0.7601,101.5,0.2726,155.0,0.4163,201.2,84.21,0.6679,0.2796,162.12,0.5382,0.708,1.0177,1.4374,0.7601,0.5382,0.6261,105.93,0.2845,111.0,1.0,0.3685,76.5,0.3064,0.3007,0.913,139.43,0.1198,0.3867,148.76,0.2796,0.415,0.0,0.0144,0.0645,0.0,0.921,0.2505,low,False,0.0,0.6262,0.254,0.0299
sampleimg/Heart/heart (620).jpg,Heart,heart,heart,하트형,True,0.4646,medium,0.0757,False,long,0.389,,,366.9,289.25,1.2684,211.05,289.25,223.3,0.7296,0.772,223.3,0.772,80.0,0.218,179.0,0.4879,176.03,64.28,0.6086,0.2222,162.1,0.5604,0.7259,0.9451,1.302,0.772,0.5604,0.4935,88.29,0.2407,122.05,58.46,0.422,45.5,0.2769,0.0997,0.869,138.65,0.106,0.4797,156.04,0.2222,0.1763,0.0005,0.1441,0.389,0.0018,0.4646,0.0715,low,False,0.0,0.1788,0.1573,0.0657
sampleimg/Heart/heart (449).jpg,Heart,heart,heart,하트형,True,0.572,high,0.3398,False,oval,0.2322,,,705.64,583.11,1.2101,418.53,583.11,466.72,0.7177,0.8004,466.72,0.8004,167.0,0.2367,316.0,0.4478,368.66,146.03,0.6322,0.2504,324.58,0.5566,0.6955,0.8967,1.2894,0.8004,0.5566,0.5145,181.22,0.2568,284.45,58.08,0.4878,65.0,0.2813,0.1785,0.8569,143.45,0.1267,0.3812,135.46,0.2504,0.1509,0.0133,0.2322,0.17,0.0125,0.572,0.254,low,False,0.0708,0.5288,0.1115,0.0377
sampleimg/Heart/heart (771).jpg,Heart,heart,long,긴형,False,0.3499,low,0.0134,True,oval,0.3365,,,240.75,194.83,1.2357,140.6,194.83,155.72,0.7217,0.7993,155.72,0.7993,52.5,0.2181,98.0,0.4071,129.65,51.24,0.6655,0.263,106.47,0.5465,0.6837,0.9029,1.3206,0.7993,0.5465,0.4931,69.26,0.2877,91.55,9.0,0.4699,4.0,0.3129,0.2139,0.8611,137.18,0.1416,0.3821,140.58,0.263,0.0205,0.0754,0.3365,0.3499,0.0738,0.1644,0.564,warning,True,0.8292,0.1663,0.0205,0.0667
sampleimg/Heart/heart (2).jpg,Heart,heart,long,긴형,False,0.8349,high,0.7219,False,heart,0.113,,,195.48,154.06,1.2689,113.14,154.06,123.49,0.7344,0.8016,123.49,0.8016,49.5,0.2532,75.0,0.3837,104.81,40.31,0.6803,0.2617,84.21,0.5466,0.6819,0.9162,1.3434,0.8016,0.5466,0.5878,58.0,0.2967,77.78,9.06,0.5049,23.5,0.3076,0.1929,0.8721,136.11,0.153,0.3274,142.24,0.2617,0.3051,0.0002,0.0483,0.8349,0.0036,0.113,0.0,low,False,0.0,0.0,0.1525,0.0844
sampleimg/Heart/heart (962).jpg,Heart,heart,heart,하트형,True,0.6605,high,0.3622,False,oval,0.2982,,,176.03,152.0,1.158,115.0,152.0,112.0,0.7566,0.7368,112.0,0.7368,43.0,0.2443,69.0,0.392,99.0,38.01,0.6513,0.2501,78.01,0.5132,0.6965,1.0268,1.4743,0.7368,0.5132,0.5512,50.0,0.284,52.01,0.0,0.3422,2.0,0.3125,0.2552,0.9013,146.45,0.0966,0.3977,141.98,0.2501,0.0263,0.0216,0.2982,0.0192,0.0005,0.6605,0.934,good,True,0.89,1.0,0.0132,0.0
sampleimg/Heart/heart (25).jpg,Heart,heart,heart,하트형,True,0.56,high,0.2153,False,oval,0.3446,,,262.5,223.9,1.1724,166.87,223.9,171.57,0.7453,0.7663,171.57,0.7663,61.0,0.2324,110.0,0.4191,143.68,54.15,0.6417,0.2418,121.33,0.5419,0.7072,0.9726,1.3753,0.7663,0.5419,0.5027,74.11,0.2823,79.31,3.0,0.3542,12.5,0.3097,0.2466,0.884,139.21,0.1261,0.3695,141.99,0.2418,0.1474,0.0489,0.3446,0.0325,0.014,0.56,0.4085,warning,True,0.535,0.2188,0.0558,0.0625
sampleimg/Heart/heart (512).jpg,Heart,heart,heart,하트형,True,0.6994,high,0.4613,False,long,0.2381,,,672.25,546.19,1.2308,412.49,546.19,428.23,0.7552,0.784,428.23,0.784,178.0,0.2648,269.0,0.4002,362.5,146.22,0.6637,0.2677,299.04,0.5475,0.6983,0.9632,1.3794,0.784,0.5475,0.5952,199.0,0.296,255.43,31.14,0.4677,75.5,0.3143,0.2066,0.891,137.58,0.138,0.3436,143.17,0.2677,0.2728,0.0003,0.061,0.2381,0.0011,0.6994,0.226,low,False,0.0,0.565,0.1382,0.0348
sampleimg/Heart/heart (968).jpg,Heart,heart,heart,하트형,True,0.8605,high,0.7437,False,oval,0.1167,,,501.05,410.04,1.2219,316.01,410.04,307.13,0.7707,0.749,307.13,0.749,116.5,0.2325,208.0,0.4151,266.0,97.0,0.6487,0.2366,210.19,0.5126,0.6844,1.0289,1.5034,0.749,0.5126,0.5543,139.09,0.2776,196.09,34.01,0.4782,25.0,0.3014,0.1327,0.9097,141.46,0.1091,0.4231,145.51,0.2366,0.0976,0.0007,0.1167,0.0219,0.0002,0.8605,0.695,warning,True,0.4917,1.0,0.061,0.0
sampleimg/Heart/heart (412).jpg,Heart,heart,oval,계란형 또는 일반형,False,0.5062,high,0.182,False,heart,0.3242,,,222.6,183.76,1.2113,134.17,183.76,141.23,0.7301,0.7685,141.23,0.7685,50.5,0.2269,90.0,0.4043,113.16,38.64,0.6158,0.2103,95.19,0.518,0.674,0.95,1.4095,0.7685,0.518,0.5305,61.52,0.2764,86.68,15.52,0.4717,15.0,0.3014,0.12,0.8688,143.89,0.0872,0.4807,150.44,0.2103,0.2503,0.044,0.5062,0.1215,0.0041,0.3242,0.192,low,False,0.32,0.0,0.0816,0.1197
sampleimg/Heart/heart (219).jpg,Heart,heart,heart,하트형,True,0.437,medium,0.1365,False,oval,0.3004,,,191.85,159.62,1.2019,118.51,159.62,124.33,0.7425,0.7789,124.33,0.7789,48.5,0.2528,76.0,0.3962,104.39,40.11,0.654,0.2513,87.21,0.5464,0.7014,0.9532,1.359,0.7789,0.5464,0.5562,56.08,0.2923,62.29,1.0,0.3902,8.5,0.3138,0.2455,0.8746,139.86,0.1328,0.344,140.37,0.2513,0.1441,0.0075,0.3004,0.2466,0.0085,0.437,0.4515,warning,True,0.5558,0.295,0.0533,0.0564
sampleimg/Heart/heart (306).jpg,Heart,heart,long,긴형,False,0.3701,low,0.0027,True,heart,0.3674,,,186.6,155.46,1.2003,113.28,155.46,119.42,0.7287,0.7681,119.42,0.7681,48.0,0.2572,77.0,0.4126,97.25,39.12,0.6256,0.2516,85.48,0.5498,0.7158,0.9486,1.3253,0.7681,0.5498,0.5616,55.33,0.2965,73.33,16.12,0.4717,12.5,0.3178,0.1404,0.8639,142.68,0.104,0.4126,148.07,0.2516,0.0836,0.0092,0.2519,0.3701,0.0013,0.3674,0.373,low,False,0.33,0.4375,0.0804,0.045
sampleimg/Heart/heart (566).jpg,Heart,heart,heart,하트형,True,0.5657,high,0.3019,False,oval,0.2638,,,182.01,150.0,1.2134,108.0,150.0,116.0,0.72,0.7733,116.0,0.7733,42.5,0.2335,78.0,0.4285,95.0,39.01,0.6333,0.2601,80.0,0.5333,0.6896,0.931,1.3501,0.7733,0.5333,0.5312,49.01,0.2693,65.07,14.04,0.4338,5.0,0.2967,0.2027,0.8667,141.34,0.1156,0.4011,143.91,0.2601,0.0533,0.0098,0.2638,0.1589,0.0018,0.5657,0.8335,good,True,0.7225,1.0,0.0333,0.0
sampleimg/Heart/heart (248).jpg,Heart,heart,square,사각형,False,0.4773,high,0.2833,False,heart,0.194,,,377.33,319.9,1.1795,223.91,319.9,262.83,0.6999,0.8216,262.83,0.8216,91.5,0.2425,155.0,0.4108,203.23,77.93,0.6353,0.2436,179.9,0.5624,0.6845,0.8519,1.2446,0.8216,0.5624,0.5086,105.23,0.2789,142.56,14.04,0.4456,36.5,0.2968,0.2572,0.848,133.4,0.1503,0.3154,143.19,0.2436,0.272,0.0628,0.1589,0.107,0.4773,0.194,0.0295,low,False,0.0492,0.0,0.1141,0.0938
sampleimg/Heart/heart (180).jpg,Heart,heart,heart,하트형,True,0.5274,high,0.3059,False,oval,0.2215,,,585.09,498.04,1.1748,384.05,498.04,386.02,0.7711,0.7751,386.02,0.7751,138.0,0.2359,240.0,0.4102,335.01,133.0,0.6727,0.2671,277.01,0.5562,0.7176,0.9949,1.3864,0.7751,0.5562,0.4982,166.01,0.2837,200.01,3.0,0.4016,7.0,0.3094,0.178,0.9057,140.66,0.1133,0.4119,144.41,0.2671,0.0361,0.0723,0.2215,0.0347,0.1441,0.5274,0.8995,good,True,0.8825,0.925,0.0141,0.006
sampleimg/Heart/heart (267).jpg,Heart,heart,heart,하트형,True,0.8087,high,0.6608,False,oval,0.1479,,,557.23,470.51,1.1843,372.48,470.51,355.41,0.7917,0.7554,355.41,0.7554,139.5,0.2503,207.0,0.3715,326.88,122.59,0.6947,0.2605,247.34,0.5257,0.6959,1.0481,1.506,0.7554,0.5257,0.564,170.05,0.3052,189.07,23.0,0.4018,3.0,0.3267,0.2441,0.9256,144.29,0.1122,0.3715,140.42,0.2605,0.0298,0.0107,0.1479,0.0295,0.0032,0.8087,0.713,good,True,0.9467,0.3625,0.0064,0.051
sampleimg/Heart/heart (295).jpg,Heart,heart,heart,하트형,True,0.4565,low,0.0135,True,long,0.443,,,175.64,145.42,1.2079,105.48,145.42,117.15,0.7253,0.8056,117.15,0.8056,47.0,0.2676,74.0,0.4213,93.13,38.01,0.6405,0.2614,83.1,0.5714,0.7093,0.9003,1.2693,0.8056,0.5714,0.5656,50.04,0.2849,61.07,4.12,0.42,10.5,0.314,0.2305,0.8629,144.75,0.1093,0.3985,140.83,0.2614,0.1719,0.016,0.0796,0.443,0.005,0.4565,0.467,warning,True,0.3983,0.57,0.0722,0.0344
sampleimg/Heart/heart (584).jpg,Heart,heart,heart,하트형,True,0.4952,high,0.27,False,long,0.2253,,,242.0,201.68,1.1999,149.09,201.68,164.91,0.7392,0.8176,164.91,0.8176,60.5,0.25,97.0,0.4008,134.08,54.33,0.6648,0.2694,114.59,0.5682,0.6949,0.9041,1.3011,0.8176,0.5682,0.528,71.7,0.2963,84.59,1.0,0.4194,24.0,0.3158,0.2789,0.8794,141.27,0.1553,0.3223,132.55,0.2694,0.1388,0.0483,0.0953,0.2253,0.1359,0.4952,0.005,low,False,0.0083,0.0,0.119,0.0843
sampleimg/Heart/heart (947).jpg,Heart,heart,heart,하트형,True,0.4986,medium,0.0964,False,long,0.4021,,,538.95,439.32,1.2268,325.88,439.32,347.05,0.7418,0.79,347.05,0.79,143.5,0.2663,232.0,0.4305,296.97,119.27,0.676,0.2715,248.81,0.5663,0.7169,0.939,1.3098,0.79,0.5663,0.5768,148.76,0.276,214.76,43.1,0.4888,24.0,0.2997,0.1676,0.8698,141.53,0.1129,0.4082,145.62,0.2715,0.041,0.0006,0.0966,0.4021,0.002,0.4986,0.454,warning,True,0.545,0.3175,0.0546,0.0546
sampleimg/Heart/heart (940).jpg,Heart,heart,heart,하트형,True,0.4175,medium,0.0697,False,oval,0.3478,,,198.01,168.0,1.1786,125.02,168.0,128.0,0.7441,0.7619,128.0,0.7619,42.5,0.2146,86.0,0.4343,109.02,43.01,0.6489,0.256,92.02,0.5477,0.7189,0.9767,1.3585,0.7619,0.5477,0.4618,52.01,0.2627,57.0,1.0,0.3393,12.0,0.298,0.2538,0.8929,141.26,0.1137,0.4242,142.97,0.256,0.131,0.1412,0.3478,0.0382,0.0554,0.4175,0.5835,warning,True,0.405,0.8512,0.0714,0.0119
sampleimg/Heart/heart (109).jpg,Heart,heart,heart,하트형,True,0.5784,high,0.2761,False,long,0.3022,,,349.12,286.02,1.2206,209.02,286.02,224.32,0.7308,0.7843,224.32,0.7843,85.0,0.2435,154.0,0.4411,185.0,69.0,0.6468,0.2412,159.38,0.5572,0.7105,0.9318,1.3115,0.7843,0.5572,0.5333,93.9,0.269,98.0,1.0,0.3426,62.0,0.3011,0.2546,0.8741,150.26,0.1152,0.3896,131.32,0.2412,0.3426,0.012,0.1065,0.3022,0.0009,0.5784,0.3825,low,False,0.0,0.9563,0.2168,0.0035
sampleimg/Heart/heart (110).jpg,Heart,heart,heart,하트형,True,0.5573,high,0.2218,False,oval,0.3355,,,599.96,496.94,1.2073,370.86,496.94,377.19,0.7463,0.759,377.19,0.759,141.0,0.235,240.0,0.4,313.25,112.22,0.6304,0.2258,256.38,0.5159,0.6797,0.9832,1.4465,0.759,0.5159,0.55,171.14,0.2853,221.0,39.2,0.4447,53.0,0.308,0.1317,0.8858,146.25,0.0918,0.4434,143.78,0.2258,0.2415,0.0203,0.3355,0.086,0.0008,0.5573,0.185,low,False,0.1108,0.2963,0.1067,0.0563
sampleimg/Heart/heart (810).jpg,Heart,heart,heart,하트형,True,0.8534,high,0.7499,False,oval,0.1035,,,108.3,88.28,1.2268,68.18,88.28,68.12,0.7724,0.7716,68.12,0.7716,25.0,0.2308,46.0,0.4248,60.21,24.08,0.682,0.2728,47.1,0.5335,0.6914,1.001,1.4478,0.7716,0.5335,0.5308,29.15,0.2692,40.11,7.0,0.4544,0.0,0.2968,0.1709,0.9088,141.75,0.1045,0.4525,146.69,0.2728,0.068,0.0027,0.1035,0.0372,0.0031,0.8534,0.717,good,True,1.0,0.2925,0.0,0.0566
sampleimg/Heart/heart (85).jpg,Heart,heart,heart,하트형,True,0.6427,high,0.3516,False,long,0.2911,,,195.0,161.03,1.211,121.02,161.03,124.06,0.7515,0.7705,124.06,0.7705,53.0,0.2718,74.0,0.3795,104.04,42.01,0.6461,0.2609,86.09,0.5346,0.6939,0.9754,1.4056,0.7705,0.5346,0.6156,61.07,0.3132,81.06,5.1,0.5034,16.5,0.3282,0.2033,0.8943,149.48,0.1129,0.359,133.39,0.2609,0.1677,0.0029,0.0632,0.2911,0.0001,0.6427,0.3945,low,False,0.1458,0.7675,0.1025,0.0186
sampleimg/Heart/heart (428).jpg,Heart,heart,oval,계란형 또는 일반형,False,0.4895,high,0.2024,False,heart,0.287,,,321.0,268.05,1.1976,205.04,268.05,204.12,0.7649,0.7615,204.12,0.7615,66.5,0.2072,131.0,0.4081,180.22,69.26,0.6724,0.2584,142.09,0.5301,0.6961,1.0045,1.443,0.7615,0.5301,0.468,90.02,0.2804,101.04,16.0,0.377,8.0,0.3115,0.2475,0.8993,140.01,0.1144,0.4268,144.74,0.2584,0.0448,0.1455,0.4895,0.0245,0.0535,0.287,0.683,warning,True,0.7517,0.58,0.0298,0.0336
sampleimg/Heart/heart (911).jpg,Heart,heart,heart,하트형,True,0.5181,high,0.1875,False,oval,0.3307,,,294.75,242.6,1.215,174.56,242.6,191.44,0.7196,0.7891,191.44,0.7891,67.5,0.229,135.0,0.458,161.61,65.28,0.6662,0.2691,134.24,0.5533,0.7012,0.9118,1.3004,0.7891,0.5533,0.5028,73.25,0.2485,105.23,22.02,0.4338,1.0,0.2792,0.1614,0.8558,138.81,0.1109,0.4444,148.1,0.2691,0.0577,0.0089,0.3307,0.1274,0.0149,0.5181,0.691,warning,True,0.9658,0.2788,0.0041,0.0577
sampleimg/Heart/heart (79).jpg,Heart,heart,long,긴형,False,0.6863,high,0.478,False,oval,0.2083,,,191.02,153.08,1.2479,112.0,153.08,121.2,0.7317,0.7917,121.2,0.7917,45.5,0.2382,77.0,0.4031,104.12,39.01,0.6802,0.2548,85.29,0.5571,0.7037,0.9241,1.3133,0.7917,0.5571,0.5335,56.44,0.2954,56.04,1.0,0.3661,27.5,0.32,0.2993,0.856,136.24,0.1292,0.4031,150.75,0.2548,0.2678,0.0046,0.2083,0.6863,0.0168,0.084,0.2365,low,False,0.0,0.5913,0.1796,0.0327
sampleimg/Heart/heart (833).jpg,Heart,heart,round,둥근형,False,0.5213,high,0.1838,False,oval,0.3375,,,234.0,206.02,1.1358,153.01,206.02,157.05,0.7427,0.7623,157.05,0.7623,50.0,0.2137,90.0,0.3846,136.03,51.09,0.6603,0.248,107.04,0.5196,0.6816,0.9743,1.4295,0.7623,0.5196,0.4671,68.03,0.2907,73.01,0.0,0.3544,9.0,0.3205,0.2972,0.8786,135.6,0.117,0.4188,150.26,0.248,0.068,0.5213,0.3375,0.002,0.0716,0.0676,0.7085,good,True,0.6358,0.8175,0.0437,0.0146
sampleimg/Heart/heart (696).jpg,Heart,heart,heart,하트형,True,0.9264,high,0.8748,False,oval,0.0516,,,239.47,205.48,1.1654,152.27,205.48,159.45,0.741,0.776,159.45,0.776,61.0,0.2547,108.0,0.451,134.54,54.15,0.6547,0.2635,114.44,0.5569,0.7177,0.9549,1.3306,0.776,0.5569,0.533,65.28,0.2726,72.56,10.0,0.3531,11.5,0.3059,0.2509,0.8825,144.58,0.1218,0.355,135.84,0.2635,0.0535,0.0075,0.0516,0.0141,0.0004,0.9264,0.428,warning,True,0.5333,0.27,0.056,0.0584
sampleimg/Heart/heart (423).jpg,Heart,heart,heart,하트형,True,0.4354,medium,0.1164,False,round,0.319,,,264.09,229.96,1.1484,176.64,229.96,176.82,0.7681,0.7689,176.82,0.7689,62.5,0.2367,101.0,0.3824,156.63,61.2,0.6811,0.2662,123.69,0.5379,0.6995,0.999,1.4281,0.7689,0.5379,0.5053,81.5,0.3086,85.59,0.0,0.3722,10.5,0.3312,0.3195,0.9079,140.86,0.1267,0.3559,138.41,0.2662,0.013,0.319,0.191,0.0105,0.0442,0.4354,0.467,warning,True,0.6192,0.2388,0.0457,0.0609
sampleimg/Heart/heart (269).jpg,Heart,heart,heart,하트형,True,0.7867,high,0.6143,False,oval,0.1724,,,118.07,102.04,1.157,79.03,102.04,78.06,0.7744,0.7649,78.06,0.7649,30.5,0.2583,45.0,0.3811,70.03,28.02,0.6863,0.2746,54.01,0.5293,0.6919,1.0124,1.4632,0.7649,0.5293,0.5647,37.01,0.3135,43.05,8.0,0.4218,0.0,0.3304,0.1957,0.9021,142.46,0.1137,0.3642,140.63,0.2746,0.0196,0.0266,0.1724,0.0121,0.0022,0.7867,0.902,good,True,1.0,0.755,0.0,0.0196
sampleimg/Heart/heart (888).jpg,Heart,heart,round,둥근형,False,0.3827,medium,0.0856,False,oval,0.2971,,,169.36,145.34,1.1652,104.24,145.34,115.28,0.7172,0.7931,115.28,0.7931,37.0,0.2185,71.0,0.4192,93.26,35.06,0.6417,0.2412,80.16,0.5515,0.6953,0.9042,1.3004,0.7931,0.5515,0.4616,47.04,0.2778,56.22,0.0,0.3868,2.5,0.3076,0.2516,0.8554,136.35,0.132,0.3779,144.27,0.2412,0.0619,0.3827,0.2971,0.0203,0.1954,0.1045,0.673,warning,True,0.8567,0.3975,0.0172,0.0482
sampleimg/Heart/heart (933).jpg,Heart,heart,heart,하트형,True,0.4643,high,0.1557,False,oval,0.3085,,,475.05,391.02,1.2149,286.03,391.02,299.28,0.7315,0.7654,299.28,0.7654,111.5,0.2347,202.0,0.4252,254.03,101.0,0.6497,0.2583,209.54,0.5359,0.7001,0.9557,1.365,0.7654,0.5359,0.5321,129.65,0.2729,141.09,0.0,0.3608,62.5,0.3034,0.2971,0.8721,147.89,0.1092,0.4021,135.0,0.2583,0.2532,0.0173,0.3085,0.2092,0.0007,0.4643,0.349,low,False,0.0,0.8725,0.1598,0.0102
sampleimg/Heart/heart (889).jpg,Heart,heart,long,긴형,False,0.4158,medium,0.0724,False,heart,0.3435,,,134.06,112.22,1.1946,83.1,112.22,89.36,0.7405,0.7963,89.36,0.7963,35.0,0.2611,53.0,0.3953,73.33,27.17,0.6535,0.2421,63.29,0.5639,0.7082,0.9299,1.313,0.7963,0.5639,0.5531,40.11,0.2992,51.09,6.0,0.4553,10.0,0.3136,0.1916,0.8744,146.36,0.124,0.3506,134.26,0.2421,0.1248,0.0329,0.1804,0.4158,0.0274,0.3435,0.2425,low,False,0.2575,0.22,0.0891,0.0624
sampleimg/Heart/heart (868).jpg,Heart,heart,heart,하트형,True,0.5345,high,0.1808,False,oval,0.3537,,,226.8,196.02,1.157,141.8,196.02,155.82,0.7234,0.7949,155.82,0.7949,57.0,0.2513,98.0,0.4321,130.86,52.35,0.6676,0.267,108.56,0.5538,0.6967,0.91,1.3062,0.7949,0.5538,0.5251,60.21,0.2655,85.15,15.03,0.4344,3.5,0.2918,0.2098,0.8518,139.08,0.1069,0.4321,149.14,0.267,0.0153,0.0418,0.3537,0.0321,0.0379,0.5345,0.528,warning,True,0.8508,0.0438,0.0179,0.0765
sampleimg/Heart/heart (278).jpg,Heart,heart,oval,계란형 또는 일반형,False,0.4765,high,0.17,False,heart,0.3065,,,519.28,421.2,1.2329,302.28,421.2,335.04,0.7177,0.7954,335.04,0.7954,107.5,0.207,235.0,0.4526,272.26,105.08,0.6464,0.2495,231.01,0.5485,0.6895,0.9022,1.3085,0.7954,0.5485,0.4654,133.09,0.2563,206.06,47.01,0.4892,36.5,0.2889,0.228,0.8532,133.69,0.1286,0.4275,149.26,0.2495,0.1496,0.031,0.4765,0.1172,0.0687,0.3065,0.424,warning,True,0.2775,0.6438,0.0867,0.0285
sampleimg/Heart/heart (444).jpg,Heart,heart,heart,하트형,True,0.4581,medium,0.1242,False,oval,0.3339,,,509.39,425.34,1.1976,316.27,425.34,331.26,0.7436,0.7788,331.26,0.7788,120.5,0.2366,207.0,0.4064,283.11,109.0,0.6656,0.2563,232.17,0.5459,0.7009,0.9548,1.3622,0.7788,0.5459,0.519,147.05,0.2887,166.43,0.0,0.3913,1.5,0.3143,0.2839,0.88,140.63,0.1245,0.3828,141.73,0.2563,0.0259,0.0485,0.3339,0.1369,0.0227,0.4581,0.8885,good,True,0.9708,0.765,0.0035,0.0188
sampleimg/Heart/heart (561).jpg,Heart,heart,heart,하트형,True,0.5164,medium,0.123,False,long,0.3934,,,225.04,183.0,1.2297,140.01,183.0,139.03,0.7651,0.7597,139.03,0.7597,56.5,0.2511,90.0,0.3999,124.0,51.0,0.6776,0.2787,100.04,0.5467,0.7196,1.0071,1.3995,0.7597,0.5467,0.5647,66.03,0.2934,61.01,8.0,0.3334,14.5,0.3155,0.2144,0.9072,148.09,0.1132,0.3822,136.44,0.2787,0.1366,0.002,0.0874,0.3934,0.0008,0.5164,0.604,warning,True,0.34,1.0,0.0792,0.0
sampleimg/Heart/heart (825).jpg,Heart,heart,long,긴형,False,0.5521,high,0.2608,False,oval,0.2914,,,251.06,197.23,1.2729,140.91,197.23,151.08,0.7144,0.766,151.08,0.766,56.0,0.2231,113.0,0.4501,128.76,51.48,0.6529,0.261,105.68,0.5358,0.6995,0.9327,1.3333,0.766,0.5358,0.5299,64.5,0.2569,92.66,29.15,0.4698,8.0,0.2886,0.1808,0.8471,139.34,0.1098,0.466,150.48,0.261,0.0,0.0005,0.2914,0.5521,0.0003,0.1558,0.442,warning,True,0.6617,0.1125,0.0406,0.071
sampleimg/Heart/heart (976).jpg,Heart,heart,heart,하트형,True,0.47,high,0.2136,False,oval,0.2564,,,240.02,206.0,1.1651,152.0,206.0,162.0,0.7379,0.7864,162.0,0.7864,58.5,0.2437,96.0,0.4,130.0,53.01,0.6311,0.2573,113.0,0.5485,0.6975,0.9383,1.3451,0.7864,0.5485,0.5177,70.01,0.2917,90.02,1.0,0.437,1.0,0.3167,0.3043,0.8787,138.41,0.1232,0.3916,144.4,0.2573,0.0,0.1512,0.2564,0.0508,0.0716,0.47,0.951,good,True,0.9592,0.9387,0.0049,0.0049
sampleimg/Heart/heart (340).jpg,Heart,heart,oval,계란형 또는 일반형,False,0.4809,high,0.1946,False,heart,0.2862,,,931.12,789.01,1.1801,568.06,789.01,624.02,0.72,0.7909,624.02,0.7909,222.5,0.239,382.0,0.4103,514.0,195.01,0.6515,0.2472,431.04,0.5463,0.6907,0.9103,1.3179,0.7909,0.5463,0.5162,260.28,0.2795,329.3,53.01,0.4174,65.5,0.3029,0.204,0.8543,137.68,0.1209,0.3931,147.09,0.2472,0.1356,0.0711,0.4809,0.0962,0.0655,0.2862,0.5785,warning,True,0.3083,0.9838,0.083,0.0013
sampleimg/Heart/heart (555).jpg,Heart,heart,heart,하트형,True,0.7061,high,0.5226,False,oval,0.1836,,,263.37,226.22,1.1642,164.15,226.22,179.14,0.7256,0.7919,179.14,0.7919,72.5,0.2753,110.0,0.4177,151.12,57.01,0.668,0.252,126.1,0.5574,0.7039,0.9163,1.3017,0.7919,0.5574,0.5749,73.01,0.2772,101.32,15.03,0.4479,5.0,0.2963,0.2315,0.8585,142.35,0.1239,0.3379,139.18,0.252,0.053,0.0051,0.1836,0.1001,0.005,0.7061,0.757,good,True,0.8158,0.6687,0.0221,0.0265
sampleimg/Heart/heart (61).jpg,Heart,heart,heart,하트형,True,0.7112,high,0.4535,False,oval,0.2577,,,402.24,338.12,1.1896,246.13,338.12,257.05,0.7279,0.7602,257.05,0.7602,91.5,0.2275,190.0,0.4724,221.08,86.05,0.6539,0.2545,183.02,0.5413,0.712,0.9575,1.3448,0.7602,0.5413,0.4999,98.05,0.2437,141.0,46.04,0.417,3.0,0.2787,0.1502,0.867,142.87,0.1026,0.4351,145.19,0.2545,0.0355,0.0052,0.2577,0.0251,0.0007,0.7112,0.867,good,True,0.9258,0.7788,0.0089,0.0177
sampleimg/Heart/heart (241).jpg,Heart,heart,round,둥근형,False,0.3576,low,0.0416,True,oval,0.316,,,519.42,441.37,1.1769,327.22,441.37,345.37,0.7414,0.7825,345.37,0.7825,109.0,0.2098,213.0,0.4101,285.14,115.07,0.646,0.2607,235.31,0.5331,0.6813,0.9474,1.3906,0.7825,0.5331,0.4632,147.12,0.2832,186.39,19.0,0.4223,8.5,0.3103,0.2373,0.8797,136.71,0.1247,0.4101,144.66,0.2607,0.0113,0.3576,0.316,0.0101,0.1125,0.2037,0.8015,good,True,0.8392,0.745,0.0193,0.0204
sampleimg/Heart/heart (921).jpg,Heart,heart,long,긴형,False,0.7658,high,0.6542,False,oval,0.1116,,,266.0,206.0,1.2912,156.0,206.0,160.0,0.7573,0.7767,160.0,0.7767,55.5,0.2086,111.0,0.4173,140.0,52.01,0.6796,0.2525,114.0,0.5534,0.7125,0.975,1.3684,0.7767,0.5534,0.4868,74.0,0.2782,80.02,1.0,0.3885,4.0,0.3121,0.2749,0.8981,139.29,0.1304,0.4286,143.62,0.2525,0.0388,0.004,0.1116,0.7658,0.0184,0.1003,0.8785,good,True,0.8383,0.9387,0.0194,0.0049
sampleimg/Heart/heart (746).jpg,Heart,heart,long,긴형,False,0.7708,high,0.6561,False,oval,0.1147,,,197.61,158.82,1.2442,113.6,158.82,127.01,0.7153,0.7997,127.01,0.7997,50.0,0.253,78.0,0.3947,110.17,43.42,0.6936,0.2734,87.46,0.5507,0.6886,0.8944,1.2988,0.7997,0.5507,0.5717,57.08,0.2888,60.67,0.0,0.382,18.5,0.3157,0.3018,0.8478,136.39,0.1597,0.3036,139.54,0.2734,0.2707,0.0008,0.1147,0.7708,0.0026,0.111,0.0175,low,False,0.0292,0.0,0.1165,0.1007
sampleimg/Heart/heart (631).jpg,Heart,heart,long,긴형,False,0.4591,high,0.176,False,heart,0.2831,,,189.52,154.26,1.2285,118.21,154.26,116.21,0.7663,0.7533,116.21,0.7533,46.5,0.2454,71.0,0.3746,105.12,39.01,0.6814,0.2529,82.15,0.5325,0.7069,1.0172,1.4389,0.7533,0.5325,0.566,56.08,0.2959,61.2,0.0,0.3968,2.0,0.3173,0.3182,0.9026,143.69,0.1283,0.3588,138.24,0.2529,0.0648,0.0018,0.2536,0.4591,0.0024,0.2831,0.773,good,True,0.8917,0.595,0.013,0.0324
sampleimg/Heart/heart (902).jpg,Heart,heart,heart,하트형,True,0.5627,high,0.2207,False,long,0.342,,,201.85,166.11,1.2152,125.72,166.11,126.75,0.7568,0.7631,126.75,0.7631,55.5,0.275,78.0,0.3864,109.04,41.59,0.6564,0.2504,89.94,0.5415,0.7096,0.9918,1.3977,0.7631,0.5415,0.617,59.41,0.2943,78.26,11.4,0.4711,16.5,0.3119,0.1685,0.8914,141.81,0.1505,0.2675,134.12,0.2504,0.2829,0.0001,0.0949,0.342,0.0002,0.5627,0.1035,low,False,0.1725,0.0,0.0993,0.1264
sampleimg/Heart/heart (23).jpg,Heart,heart,heart,하트형,True,0.4298,medium,0.0664,False,long,0.3634,,,144.84,120.07,1.2063,84.85,120.07,94.76,0.7067,0.7892,94.76,0.7892,37.0,0.2555,60.0,0.4143,78.77,30.41,0.656,0.2533,65.38,0.5445,0.6899,0.8954,1.2979,0.7892,0.5445,0.566,40.11,0.2769,61.66,9.22,0.5135,8.5,0.2998,0.1943,0.8504,140.46,0.1416,0.3176,136.93,0.2533,0.1916,0.0033,0.2018,0.3634,0.0017,0.4298,0.246,low,False,0.41,0.0,0.0708,0.0916
sampleimg/Heart/heart (181).jpg,Heart,heart,long,긴형,False,0.4278,medium,0.1429,False,heart,0.2849,,,186.0,148.05,1.2563,110.04,148.05,117.07,0.7432,0.7907,117.07,0.7907,43.0,0.2312,78.0,0.4194,98.05,37.05,0.6622,0.2503,81.02,0.5473,0.6921,0.94,1.3581,0.7907,0.5473,0.5307,50.01,0.2689,69.03,10.0,0.4662,3.0,0.2957,0.1803,0.8714,137.97,0.1245,0.4247,145.65,0.2503,0.027,0.0023,0.2688,0.4278,0.0162,0.2849,0.797,good,True,0.8308,0.7463,0.0203,0.0203
sampleimg/Heart/heart (218).jpg,Heart,heart,heart,하트형,True,0.5335,high,0.3121,False,oval,0.2215,,,228.04,189.17,1.2055,141.06,189.17,149.34,0.7457,0.7894,149.34,0.7894,52.0,0.228,92.0,0.4034,123.15,41.19,0.651,0.2178,102.31,0.5409,0.6851,0.9446,1.3787,0.7894,0.5409,0.5082,65.28,0.2863,70.11,9.06,0.3706,21.5,0.3118,0.2126,0.8885,134.32,0.124,0.4254,151.62,0.2178,0.1639,0.0518,0.2215,0.0755,0.1176,0.5335,0.273,low,False,0.0525,0.6038,0.1137,0.0317
sampleimg/Heart/heart (117).jpg,Heart,heart,heart,하트형,True,0.5772,high,0.2903,False,oval,0.2868,,,872.42,755.29,1.1551,557.2,755.29,586.17,0.7377,0.7761,586.17,0.7761,236.0,0.2705,322.0,0.3691,490.26,193.21,0.6491,0.2558,400.12,0.5298,0.6826,0.9506,1.3926,0.7761,0.5298,0.5898,280.06,0.321,368.27,1.0,0.4876,6.5,0.3383,0.3356,0.8689,142.97,0.1161,0.3496,140.23,0.2558,0.0331,0.0705,0.2868,0.064,0.0015,0.5772,0.851,good,True,0.9283,0.735,0.0086,0.0212
sampleimg/Heart/heart (154).jpg,Heart,heart,square,사각형,False,0.3211,low,0.0495,True,oval,0.2716,,,248.94,214.35,1.1614,155.17,214.35,168.76,0.7239,0.7873,168.76,0.7873,53.0,0.2129,108.0,0.4338,135.72,51.16,0.6332,0.2387,119.42,0.5571,0.7076,0.9195,1.2994,0.7873,0.5571,0.4438,67.03,0.2693,82.61,1.0,0.3854,21.5,0.3022,0.2581,0.8651,133.79,0.1373,0.3696,145.87,0.2387,0.2193,0.249,0.2716,0.013,0.3211,0.1453,0.172,low,False,0.1642,0.1838,0.1003,0.0653
sampleimg/Heart/heart (595).jpg,Heart,heart,round,둥근형,False,0.3929,high,0.1682,False,oval,0.2247,,,207.15,174.23,1.189,127.04,174.23,138.44,0.7291,0.7946,138.44,0.7946,44.5,0.2148,88.0,0.4248,109.17,43.1,0.6265,0.2474,96.42,0.5534,0.6965,0.9176,1.3175,0.7946,0.5534,0.4615,56.89,0.2746,67.07,1.0,0.3849,32.0,0.3055,0.2858,0.8729,142.13,0.1328,0.4007,135.57,0.2474,0.2525,0.3929,0.2247,0.0486,0.1163,0.2175,0.228,low,False,0.0,0.57,0.1837,0.0344
sampleimg/Heart/heart (738).jpg,Heart,heart,heart,하트형,True,0.756,high,0.5951,False,oval,0.1609,,,379.0,320.06,1.1842,234.0,320.06,249.29,0.7311,0.7789,249.29,0.7789,95.0,0.2507,171.0,0.4512,209.06,85.02,0.6532,0.2657,178.4,0.5574,0.7157,0.9387,1.3116,0.7789,0.5574,0.5325,100.32,0.2647,147.01,32.0,0.4593,36.0,0.2904,0.2013,0.8686,147.06,0.1082,0.3879,135.84,0.2657,0.175,0.0098,0.1609,0.0719,0.0014,0.756,0.3595,low,False,0.0625,0.805,0.1125,0.0156
sampleimg/Heart/heart (532).jpg,Heart,heart,long,긴형,False,0.4904,high,0.1894,False,heart,0.3011,,,241.66,202.87,1.1912,149.83,202.87,162.5,0.7386,0.801,162.5,0.801,67.0,0.2772,89.0,0.3683,132.67,49.5,0.654,0.244,113.75,0.5607,0.7,0.9221,1.3173,0.801,0.5607,0.589,72.25,0.299,76.94,1.0,0.3793,30.0,0.3143,0.2938,0.873,136.91,0.1594,0.2566,138.45,0.244,0.3549,0.0024,0.1446,0.4904,0.0615,0.3011,0.0,low,False,0.0,0.0,0.1479,0.1035
sampleimg/Heart/heart (529).jpg,Heart,heart,heart,하트형,True,0.8706,high,0.7689,False,oval,0.1017,,,312.31,270.03,1.1566,211.04,270.03,199.0,0.7815,0.737,199.0,0.737,85.5,0.2738,119.0,0.381,180.07,66.07,0.6669,0.2447,142.0,0.5259,0.7136,1.0605,1.4861,0.737,0.5259,0.6021,94.01,0.301,83.01,2.0,0.3074,10.0,0.3203,0.2834,0.9186,150.56,0.0934,0.365,138.48,0.2447,0.0815,0.0026,0.1017,0.025,0.0001,0.8706,0.7225,good,True,0.6917,0.7688,0.037,0.0185
sampleimg/Heart/heart (145).jpg,Heart,heart,long,긴형,False,0.4025,medium,0.106,False,oval,0.2964,,,252.02,203.09,1.2409,143.03,203.09,164.15,0.7043,0.8083,164.15,0.8083,58.5,0.2321,115.0,0.4563,132.03,48.01,0.6501,0.2364,114.11,0.5619,0.6952,0.8713,1.2535,0.8083,0.5619,0.5127,62.07,0.2463,95.08,16.0,0.4682,11.5,0.2739,0.1871,0.8372,135.31,0.1273,0.4206,148.28,0.2364,0.0837,0.0025,0.2964,0.4025,0.031,0.2676,0.643,warning,True,0.5283,0.815,0.0566,0.0148
sampleimg/Heart/heart (435).jpg,Heart,heart,square,사각형,False,0.39,high,0.1611,False,oval,0.2289,,,458.53,377.93,1.2133,276.52,377.93,300.67,0.7317,0.7956,300.67,0.7956,101.5,0.2214,178.0,0.3882,256.2,94.83,0.6779,0.2509,209.88,0.5553,0.698,0.9197,1.3175,0.7956,0.5553,0.4836,136.34,0.2973,137.53,0.0,0.3639,29.0,0.3255,0.2667,0.8588,136.97,0.1057,0.4776,157.85,0.2509,0.0053,0.2082,0.2289,0.1465,0.39,0.0263,0.2165,low,False,0.3608,0.0,0.0767,0.1482
sampleimg/Heart/heart (467).jpg,Heart,heart,long,긴형,False,0.7786,high,0.6387,False,heart,0.1399,,,227.26,178.51,1.2731,131.32,178.51,141.22,0.7357,0.7911,141.22,0.7911,54.0,0.2376,93.0,0.4092,126.85,48.76,0.7106,0.2732,98.84,0.5537,0.6999,0.9299,1.3286,0.7911,0.5537,0.5463,61.29,0.2697,63.79,7.28,0.3573,30.5,0.3046,0.2528,0.8726,133.82,0.1789,0.2772,138.14,0.2732,0.4089,0.0001,0.0771,0.7786,0.0043,0.1399,0.0,low,False,0.0,0.0,0.1709,0.1737
sampleimg/Heart/heart (604).jpg,Heart,heart,heart,하트형,True,0.8154,high,0.6653,False,oval,0.1501,,,300.48,257.01,1.1692,194.09,257.01,198.04,0.7552,0.7706,198.04,0.7706,78.0,0.2596,117.0,0.3894,173.0,63.03,0.6731,0.2453,136.06,0.5294,0.687,0.9801,1.4265,0.7706,0.5294,0.5733,90.2,0.3002,128.06,16.03,0.4983,44.5,0.3162,0.1826,0.8913,138.57,0.1158,0.3794,147.65,0.2453,0.2996,0.0069,0.1501,0.0247,0.0029,0.8154,0.3805,low,False,0.0,0.9513,0.1731,0.0039
sampleimg/Heart/heart (639).jpg,Heart,heart,heart,하트형,True,0.6143,high,0.3175,False,oval,0.2968,,,140.6,119.51,1.1765,90.45,119.51,89.36,0.7568,0.7477,89.36,0.7477,35.0,0.2489,51.0,0.3627,80.22,29.15,0.6713,0.244,61.2,0.5121,0.6849,1.0122,1.4778,0.7477,0.5121,0.5719,44.18,0.3142,44.1,0.0,0.369,0.5,0.3362,0.2675,0.8992,143.93,0.1241,0.3414,137.79,0.244,0.0753,0.0258,0.2968,0.0626,0.0006,0.6143,0.728,good,True,0.965,0.3725,0.0042,0.0502
sampleimg/Heart/heart (114).jpg,Heart,heart,heart,하트형,True,0.5227,high,0.2568,False,oval,0.266,,,306.89,258.21,1.1885,185.69,258.21,205.29,0.7191,0.7951,205.29,0.7951,67.5,0.2199,144.0,0.4692,168.67,71.45,0.6532,0.2767,145.99,0.5654,0.7111,0.9045,1.2719,0.7951,0.5654,0.4624,77.93,0.2539,92.54,17.12,0.3584,20.5,0.2959,0.2122,0.8555,135.34,0.1116,0.4594,154.98,0.2767,0.0658,0.0994,0.266,0.04,0.0718,0.5227,0.3125,low,False,0.3383,0.2738,0.0794,0.0581
sampleimg/Heart/heart (16).jpg,Heart,heart,oval,계란형 또는 일반형,False,0.4309,medium,0.1246,False,heart,0.3063,,,514.0,441.09,1.1653,328.88,441.09,339.78,0.7456,0.7703,339.78,0.7703,120.5,0.2344,197.0,0.3833,288.56,120.34,0.6542,0.2728,233.42,0.5292,0.687,0.9679,1.4089,0.7703,0.5292,0.5162,151.21,0.2942,146.28,3.0,0.3316,1.0,0.3176,0.1145,0.884,139.15,0.1109,0.4222,148.08,0.2728,0.0408,0.1791,0.4309,0.0327,0.051,0.3063,0.7845,good,True,0.9808,0.49,0.0023,0.0408
sampleimg/Heart/heart (758).jpg,Heart,heart,heart,하트형,True,0.8499,high,0.7396,False,long,0.1103,,,137.77,115.28,1.1951,90.45,115.28,87.01,0.7846,0.7547,87.01,0.7547,39.5,0.2867,47.0,0.3412,77.23,26.08,0.67,0.2262,59.01,0.5119,0.6782,1.0396,1.5328,0.7547,0.5119,0.6694,43.01,0.3122,39.2,0.0,0.3401,26.5,0.3352,0.3278,0.9245,159.27,0.0794,0.3557,130.24,0.2262,0.4424,0.0022,0.0375,0.1103,0.0,0.8499,0.14,low,False,0.0,0.35,0.2299,0.052
sampleimg/Oblong/oblong (782).jpg,Oblong,long,long,긴형,True,0.815,high,0.6989,False,oval,0.1161,,,268.43,210.49,1.2752,147.5,210.49,168.67,0.7008,0.8013,168.67,0.8013,61.5,0.2291,114.0,0.4247,132.97,47.17,0.6317,0.2241,116.28,0.5524,0.6894,0.8745,1.2686,0.8013,0.5524,0.5289,75.03,0.2795,82.22,0.0,0.3906,29.5,0.3144,0.2885,0.8345,132.76,0.1618,0.3427,144.29,0.2241,0.2993,0.0009,0.1161,0.815,0.0019,0.0662,0.02,low,False,0.0,0.05,0.1401,0.076
sampleimg/Oblong/oblong (350).jpg,Oblong,long,long,긴형,True,0.5008,medium,0.1345,False,heart,0.3663,,,202.02,163.15,1.2383,125.14,163.15,124.15,0.767,0.7609,124.15,0.7609,52.0,0.2574,74.0,0.3663,112.29,41.11,0.6882,0.252,86.15,0.528,0.6939,1.008,1.4527,0.7609,0.528,0.6036,62.03,0.3071,61.03,0.0,0.3741,5.5,0.3268,0.3229,0.9018,144.0,0.1145,0.391,142.56,0.252,0.0429,0.001,0.1314,0.5008,0.0005,0.3663,0.5865,warning,True,0.7192,0.3875,0.0337,0.049
sampleimg/Oblong/oblong (367).jpg,Oblong,long,long,긴형,True,0.8407,high,0.7677,False,oval,0.073,,,191.05,146.99,1.2998,106.07,146.99,119.42,0.7216,0.8125,119.42,0.8125,40.0,0.2094,86.0,0.4501,96.63,38.33,0.6574,0.2608,84.15,0.5725,0.7046,0.8882,1.2605,0.8125,0.5725,0.4753,49.01,0.2565,56.14,5.1,0.382,23.0,0.2935,0.2726,0.8582,138.62,0.1228,0.4658,145.01,0.2608,0.2993,0.0046,0.073,0.8407,0.0356,0.046,0.026,low,False,0.0,0.065,0.1565,0.0748
sampleimg/Oblong/oblong (859).jpg,Oblong,long,long,긴형,True,0.8449,high,0.7052,False,oval,0.1397,,,290.21,229.11,1.2667,158.05,229.11,182.13,0.6899,0.795,182.13,0.795,67.5,0.2326,118.0,0.4066,143.09,54.04,0.6245,0.2359,125.1,0.546,0.6869,0.8678,1.2634,0.795,0.546,0.5396,84.1,0.2898,85.02,0.0,0.3711,7.5,0.3173,0.2642,0.8165,139.76,0.1408,0.379,140.13,0.2359,0.0306,0.002,0.1397,0.8449,0.0005,0.013,0.7275,good,True,0.7275,0.7275,0.0327,0.0218
sampleimg/Oblong/oblong (995).jpg,Oblong,long,long,긴형,True,0.7273,high,0.4738,False,heart,0.2535,,,316.0,250.65,1.2607,198.2,250.65,191.39,0.7908,0.7636,191.39,0.7636,85.5,0.2706,108.0,0.3418,172.35,59.21,0.6876,0.2362,132.37,0.5281,0.6916,1.0356,1.4973,0.7636,0.5281,0.6459,102.83,0.3254,96.42,1.0,0.3847,59.0,0.3391,0.3176,0.9308,156.93,0.1158,0.3291,123.42,0.2362,0.367,0.0003,0.0188,0.7273,0.0,0.2535,0.1805,low,False,0.0,0.4513,0.2354,0.0439
sampleimg/Oblong/oblong (729).jpg,Oblong,long,long,긴형,True,0.6466,high,0.468,False,heart,0.1786,,,237.02,192.37,1.2321,141.6,192.37,151.05,0.7361,0.7852,151.05,0.7852,58.0,0.2447,93.0,0.3924,124.2,44.1,0.6456,0.2293,105.0,0.5458,0.6951,0.9374,1.3486,0.7852,0.5458,0.5524,69.07,0.2914,72.06,0.0,0.3746,34.0,0.3125,0.2785,0.8763,147.7,0.109,0.405,136.97,0.2293,0.3223,0.0178,0.1523,0.6466,0.0047,0.1786,0.218,low,False,0.0,0.545,0.1767,0.0364
sampleimg/Oblong/oblong (793).jpg,Oblong,long,long,긴형,True,0.8785,high,0.8058,False,oval,0.0726,,,236.0,181.01,1.3038,131.0,181.01,141.06,0.7237,0.7793,141.06,0.7793,50.0,0.2119,102.0,0.4322,114.04,46.04,0.63,0.2544,99.08,0.5474,0.7024,0.9287,1.3222,0.7793,0.5474,0.5046,65.07,0.2757,73.01,13.0,0.4033,15.5,0.3051,0.237,0.8674,139.75,0.134,0.4195,140.91,0.2544,0.1381,0.0009,0.0726,0.8785,0.0009,0.0472,0.489,warning,True,0.2867,0.7925,0.0856,0.0166
sampleimg/Oblong/oblong (612).jpg,Oblong,long,long,긴형,True,0.4305,medium,0.1312,False,heart,0.2993,,,193.04,156.03,1.2372,117.04,156.03,120.0,0.7501,0.7691,120.0,0.7691,44.5,0.2305,77.0,0.3989,98.02,33.02,0.6282,0.2116,84.0,0.5384,0.7,0.9753,1.3933,0.7691,0.5384,0.5298,55.01,0.285,60.03,8.0,0.3848,12.0,0.3108,0.2684,0.8912,143.35,0.12,0.4092,140.3,0.2116,0.141,0.0105,0.2525,0.4305,0.0071,0.2993,0.5515,warning,True,0.3592,0.84,0.0769,0.0128
sampleimg/Oblong/oblong (255).jpg,Oblong,long,long,긴형,True,0.3756,low,0.0053,True,oval,0.3702,,,281.78,228.43,1.2336,164.51,228.43,173.18,0.7202,0.7582,173.18,0.7582,66.0,0.2342,116.0,0.4117,143.35,47.1,0.6275,0.2062,120.07,0.5256,0.6933,0.9499,1.3702,0.7582,0.5256,0.5497,78.03,0.2769,80.0,19.03,0.3502,14.0,0.3057,0.2404,0.8605,139.4,0.132,0.3691,142.73,0.2062,0.1401,0.0015,0.3702,0.3756,0.0004,0.2523,0.4745,warning,True,0.4892,0.4525,0.0613,0.0438
sampleimg/Oblong/oblong (380).jpg,Oblong,long,long,긴형,True,0.7538,high,0.6272,False,oval,0.1266,,,990.49,770.08,1.2862,569.2,770.08,591.1,0.7391,0.7676,591.1,0.7676,213.0,0.215,404.0,0.4079,507.19,177.91,0.6586,0.231,413.57,0.537,0.6997,0.963,1.3763,0.7676,0.537,0.515,287.39,0.2902,258.0,26.02,0.335,205.0,0.3223,0.28,0.8832,133.2,0.1373,0.418,154.01,0.231,0.4363,0.0013,0.1266,0.7538,0.0032,0.1151,0.309,low,False,0.0,0.7725,0.2662,0.0182
sampleimg/Oblong/oblong (332).jpg,Oblong,long,long,긴형,True,0.9138,high,0.8422,False,square,0.0716,,,122.33,92.27,1.3259,64.38,92.27,78.16,0.6978,0.8471,78.16,0.8471,25.5,0.2084,54.0,0.4414,60.3,24.08,0.6535,0.261,55.08,0.597,0.7047,0.8237,1.1688,0.8471,0.597,0.4629,34.0,0.2779,34.06,1.0,0.3691,9.0,0.3192,0.2253,0.839,129.14,0.1695,0.3842,146.93,0.261,0.1951,0.0016,0.0083,0.9138,0.0716,0.0047,0.1875,low,False,0.1875,0.1875,0.0975,0.065
sampleimg/Oblong/oblong (309).jpg,Oblong,long,long,긴형,True,0.8686,high,0.76,False,oval,0.1086,,,185.1,143.06,1.2939,101.02,143.06,113.07,0.7062,0.7904,113.07,0.7904,38.0,0.2053,74.0,0.3998,92.0,37.01,0.6431,0.2587,79.03,0.5524,0.6989,0.8934,1.2783,0.7904,0.5524,0.4809,56.04,0.3027,55.15,8.06,0.3855,1.5,0.3297,0.2104,0.8391,134.45,0.1367,0.4322,148.61,0.2587,0.007,0.009,0.1086,0.8686,0.0098,0.0041,0.9475,good,True,0.9125,1.0,0.0105,0.0
sampleimg/Oblong/oblong (989).jpg,Oblong,long,long,긴형,True,0.6675,high,0.5064,False,heart,0.1611,,,595.52,480.15,1.2403,338.38,480.15,390.0,0.7047,0.8122,390.0,0.8122,142.5,0.2393,262.0,0.4399,305.08,115.0,0.6354,0.2395,276.02,0.5749,0.7077,0.8676,1.2259,0.8122,0.5749,0.5163,164.25,0.2758,183.0,0.0,0.3811,63.0,0.3073,0.2842,0.8401,134.35,0.1394,0.3812,147.45,0.2395,0.2249,0.0073,0.1389,0.6675,0.0251,0.1611,0.327,low,False,0.0,0.8175,0.1312,0.0146
sampleimg/Oblong/oblong (581).jpg,Oblong,long,long,긴형,True,0.4718,high,0.2348,False,oval,0.237,,,838.49,691.74,1.2121,501.4,691.74,555.66,0.7248,0.8033,555.66,0.8033,204.5,0.2439,341.0,0.4067,447.64,169.11,0.6471,0.2445,393.62,0.569,0.7084,0.9024,1.2738,0.8033,0.569,0.5195,236.61,0.2822,260.32,9.06,0.3763,30.5,0.3071,0.1892,0.8581,138.06,0.1442,0.3649,139.58,0.2445,0.039,0.0187,0.237,0.4718,0.1311,0.1415,0.606,warning,True,0.6325,0.5662,0.0441,0.0347
sampleimg/Oblong/oblong (345).jpg,Oblong,long,oval,계란형 또는 일반형,False,0.3575,low,0.0339,True,heart,0.3236,,,274.15,226.11,1.2125,158.05,226.11,182.07,0.699,0.8052,182.07,0.8052,66.5,0.2426,126.0,0.4596,141.13,55.08,0.6242,0.2436,128.06,0.5664,0.7034,0.8681,1.2342,0.8052,0.5664,0.5193,70.11,0.2558,113.04,23.09,0.4999,7.0,0.2849,0.1426,0.8275,139.52,0.1159,0.4122,146.03,0.2436,0.0265,0.0104,0.3575,0.2973,0.0112,0.3236,0.7125,good,True,0.7417,0.6687,0.031,0.0265
sampleimg/Oblong/oblong (611).jpg,Oblong,long,heart,하트형,False,0.4488,high,0.1988,False,oval,0.25,,,199.42,169.43,1.1771,124.33,169.43,135.37,0.7338,0.799,135.37,0.799,52.0,0.2608,77.0,0.3861,110.22,41.11,0.6506,0.2426,93.26,0.5505,0.689,0.9184,1.3331,0.799,0.5505,0.5576,58.14,0.2915,67.19,0.0,0.3966,3.5,0.3119,0.3518,0.8696,140.06,0.1151,0.3911,146.5,0.2426,0.0059,0.0536,0.25,0.1686,0.079,0.4488,0.69,warning,True,0.8275,0.4838,0.0207,0.0413
sampleimg/Oblong/oblong (545).jpg,Oblong,long,long,긴형,True,0.4782,medium,0.1111,False,heart,0.3672,,,293.33,247.02,1.1875,182.01,247.02,199.25,0.7368,0.8066,199.25,0.8066,83.0,0.283,110.0,0.375,161.08,58.0,0.6521,0.2348,137.36,0.5561,0.6894,0.9135,1.325,0.8066,0.5561,0.6042,88.46,0.3016,96.08,0.0,0.389,52.5,0.3137,0.3092,0.8664,151.04,0.1172,0.3341,130.06,0.2348,0.3522,0.0174,0.1303,0.4782,0.0069,0.3672,0.299,low,False,0.0,0.7475,0.2125,0.0202
sampleimg/Oblong/oblong (819).jpg,Oblong,long,oval,계란형 또는 일반형,False,0.3219,medium,0.0714,False,heart,0.2505,,,329.95,274.59,1.2016,203.48,274.59,216.33,0.741,0.7878,216.33,0.7878,74.0,0.2243,134.0,0.4061,179.34,70.06,0.6531,0.2552,150.21,0.547,0.6944,0.9406,1.3546,0.7878,0.547,0.4926,92.14,0.2792,106.57,0.0,0.3881,4.0,0.3068,0.2423,0.8799,139.23,0.1123,0.4304,148.04,0.2552,0.0656,0.1366,0.3219,0.106,0.185,0.2505,0.7265,good,True,0.8783,0.4988,0.0146,0.0401
sampleimg/Oblong/oblong (641).jpg,Oblong,long,long,긴형,True,0.7547,high,0.5466,False,heart,0.2081,,,224.5,178.18,1.26,131.14,178.18,142.09,0.736,0.7974,142.09,0.7974,60.5,0.2695,94.0,0.4187,117.11,46.01,0.6572,0.2582,100.04,0.5615,0.7041,0.9229,1.3108,0.7974,0.5615,0.6047,64.03,0.2852,92.09,18.11,0.5168,5.0,0.3032,0.1345,0.8652,143.56,0.1181,0.3831,141.15,0.2582,0.0786,0.0001,0.0368,0.7547,0.0003,0.2081,0.719,good,True,0.7658,0.6487,0.0281,0.0281
sampleimg/Oblong/oblong (296).jpg,Oblong,long,long,긴형,True,0.7508,high,0.572,False,oval,0.1788,,,294.17,228.22,1.289,163.08,228.22,179.23,0.7146,0.7853,179.23,0.7853,61.5,0.2091,132.0,0.4487,144.03,55.0,0.6311,0.241,126.25,0.5532,0.7044,0.9099,1.2917,0.7853,0.5532,0.4871,76.32,0.2594,92.2,21.1,0.404,18.0,0.2962,0.1464,0.8505,136.38,0.1245,0.4487,150.07,0.241,0.0964,0.002,0.1788,0.7508,0.0047,0.0638,0.54,warning,True,0.3425,0.8362,0.0789,0.0131
sampleimg/Oblong/oblong (599).jpg,Oblong,long,long,긴형,True,0.6021,high,0.3205,False,oval,0.2816,,,182.13,144.28,1.2624,103.12,144.28,113.36,0.7147,0.7857,113.36,0.7857,37.5,0.2059,75.0,0.4118,90.14,34.23,0.6247,0.2373,79.23,0.5491,0.6989,0.9097,1.3016,0.7857,0.5491,0.4733,52.15,0.2863,51.35,0.0,0.3559,8.0,0.3189,0.2381,0.8535,134.02,0.1306,0.4447,151.59,0.2373,0.0554,0.0345,0.2816,0.6021,0.0465,0.0353,0.5495,warning,True,0.5383,0.5662,0.0554,0.0347
sampleimg/Oblong/oblong (869).jpg,Oblong,long,long,긴형,True,0.4737,high,0.1821,False,heart,0.2916,,,430.03,345.09,1.2461,253.1,345.09,275.05,0.7334,0.797,275.05,0.797,100.5,0.2337,183.0,0.4256,229.11,85.01,0.6639,0.2463,192.0,0.5564,0.6981,0.9202,1.3182,0.797,0.5564,0.5234,118.0,0.2744,159.01,10.0,0.4608,11.5,0.3,0.149,0.8667,139.25,0.1256,0.4139,143.2,0.2463,0.0666,0.0066,0.2091,0.4737,0.0191,0.2916,0.732,good,True,0.7225,0.7463,0.0333,0.0203
sampleimg/Oblong/oblong (653).jpg,Oblong,long,heart,하트형,False,0.5186,high,0.2149,False,long,0.3037,,,163.11,132.74,1.2288,101.71,132.74,102.4,0.7662,0.7714,102.4,0.7714,41.5,0.2544,60.0,0.3678,90.67,34.23,0.6831,0.2579,70.26,0.5293,0.6861,0.9933,1.4477,0.7714,0.5293,0.5907,50.09,0.3071,49.09,0.0,0.3698,8.0,0.3325,0.3019,0.8952,141.4,0.1392,0.3249,138.5,0.2579,0.1657,0.002,0.1745,0.3037,0.0012,0.5186,0.2985,low,False,0.4975,0.0,0.0603,0.0829
sampleimg/Oblong/oblong (384).jpg,Oblong,long,long,긴형,True,0.9312,high,0.8874,False,oval,0.0438,,,618.75,479.72,1.2898,342.01,479.72,392.36,0.7129,0.8179,392.36,0.8179,144.5,0.2335,241.0,0.3895,311.55,115.97,0.6494,0.2418,264.82,0.552,0.6749,0.8717,1.2915,0.8179,0.552,0.5457,186.3,0.3011,252.79,34.23,0.527,20.5,0.3222,0.1335,0.8448,137.13,0.1633,0.3523,136.84,0.2418,0.0063,0.0011,0.0438,0.9312,0.0036,0.0204,0.4635,warning,True,0.6442,0.1925,0.0427,0.0646
sampleimg/Oblong/oblong (488).jpg,Oblong,long,long,긴형,True,0.7957,high,0.6852,False,oval,0.1105,,,125.02,99.01,1.2627,72.01,99.01,79.01,0.7273,0.798,79.01,0.798,28.5,0.228,48.0,0.384,65.01,23.0,0.6566,0.2323,54.01,0.5455,0.6836,0.9114,1.3332,0.798,0.5455,0.5277,38.01,0.3041,44.0,0.0,0.4444,0.5,0.3201,0.2787,0.8687,138.16,0.1339,0.3999,145.01,0.2323,0.0101,0.0107,0.1105,0.7957,0.025,0.0582,0.924,good,True,0.9575,0.8738,0.0051,0.0101
sampleimg/Oblong/oblong (78).jpg,Oblong,long,heart,하트형,False,0.5293,high,0.1642,False,long,0.3652,,,181.01,147.01,1.2313,113.02,147.01,115.0,0.7688,0.7822,115.0,0.7822,46.0,0.2541,70.0,0.3867,98.01,35.0,0.6666,0.2381,81.01,0.551,0.7044,0.9828,1.3952,0.7822,0.551,0.5679,54.0,0.2983,68.0,4.0,0.4625,6.5,0.3149,0.1964,0.9048,143.42,0.1201,0.3867,139.57,0.2381,0.0884,0.0031,0.0932,0.3652,0.0092,0.5293,0.745,good,True,0.6317,0.915,0.0442,0.0068
sampleimg/Oblong/oblong (33).jpg,Oblong,long,heart,하트형,False,0.518,high,0.2406,False,oval,0.2774,,,346.02,295.0,1.173,222.01,295.0,231.05,0.7526,0.7832,231.05,0.7832,89.5,0.2587,136.0,0.393,199.0,80.02,0.6746,0.2713,163.08,0.5528,0.7058,0.9609,1.3614,0.7832,0.5528,0.5488,100.08,0.2892,108.02,0.0,0.3662,19.5,0.3093,0.2777,0.8847,145.15,0.1126,0.3728,138.78,0.2713,0.1051,0.0429,0.2774,0.1261,0.0357,0.518,0.6695,warning,True,0.4492,1.0,0.0661,0.0
sampleimg/Oblong/oblong (433).jpg,Oblong,long,long,긴형,True,0.6321,high,0.3151,False,heart,0.317,,,88.09,70.03,1.2579,53.04,70.03,56.04,0.7574,0.8002,56.04,0.8002,23.0,0.2611,35.0,0.3973,46.04,18.0,0.6575,0.257,39.01,0.5571,0.6962,0.9465,1.3595,0.8002,0.5571,0.5895,26.02,0.2954,33.02,5.0,0.4715,2.0,0.3181,0.1421,0.8858,143.21,0.1218,0.386,140.83,0.257,0.0857,0.0008,0.0481,0.6321,0.002,0.317,0.714,good,True,0.7617,0.6425,0.0286,0.0286
sampleimg/Oblong/oblong (86).jpg,Oblong,long,heart,하트형,False,0.5278,high,0.1606,False,long,0.3672,,,456.34,383.42,1.1902,285.45,383.42,302.13,0.7445,0.788,302.13,0.788,129.5,0.2838,168.0,0.3681,251.29,91.05,0.6554,0.2375,210.04,0.5478,0.6952,0.9448,1.359,0.788,0.5478,0.6166,142.0,0.3112,168.11,1.41,0.4384,42.5,0.3248,0.2775,0.8803,147.32,0.1105,0.3594,137.2,0.2375,0.2217,0.0078,0.0953,0.3672,0.0019,0.5278,0.2895,low,False,0.0767,0.6088,0.1108,0.0313
sampleimg/Oblong/oblong (112).jpg,Oblong,long,long,긴형,True,0.704,high,0.505,False,oval,0.1991,,,474.18,386.22,1.2277,276.18,386.22,299.2,0.7151,0.7747,299.2,0.7747,118.5,0.2499,182.0,0.3838,237.61,85.29,0.6152,0.2208,207.15,0.5364,0.6924,0.9231,1.3332,0.7747,0.5364,0.572,143.09,0.3018,153.12,1.41,0.3965,1.0,0.3249,0.3053,0.8523,142.86,0.1255,0.3606,140.04,0.2208,0.0207,0.0057,0.1991,0.704,0.0006,0.0906,0.767,good,True,0.9783,0.45,0.0026,0.044
sampleimg/Oblong/oblong (851).jpg,Oblong,long,long,긴형,True,0.4584,high,0.2176,False,heart,0.2408,,,415.39,335.38,1.2386,253.33,335.38,272.26,0.7554,0.8118,272.26,0.8118,102.0,0.2456,166.0,0.3996,224.22,84.15,0.6686,0.2509,192.09,0.5728,0.7055,0.9305,1.3188,0.8118,0.5728,0.531,122.07,0.2939,149.16,0.0,0.4448,10.5,0.3133,0.2364,0.8926,138.8,0.1268,0.4068,143.97,0.2509,0.0865,0.013,0.0677,0.4584,0.2201,0.2408,0.6945,warning,True,0.7392,0.6275,0.0313,0.0298
sampleimg/Oblong/oblong (937).jpg,Oblong,long,long,긴형,True,0.6094,high,0.3621,False,oval,0.2472,,,364.01,293.21,1.2415,208.15,293.21,235.14,0.7099,0.8019,235.14,0.8019,88.0,0.2418,154.0,0.4231,195.06,73.01,0.6653,0.249,163.08,0.5562,0.6935,0.8852,1.2764,0.8019,0.5562,0.5396,100.0,0.2747,138.03,16.0,0.4708,4.5,0.2967,0.1587,0.8396,137.56,0.1295,0.4093,144.09,0.249,0.0307,0.0032,0.2472,0.6094,0.0099,0.1303,0.838,good,True,0.8725,0.7863,0.0153,0.0171
sampleimg/Oblong/oblong (475).jpg,Oblong,long,heart,하트형,False,0.6099,high,0.3661,False,long,0.2438,,,263.01,217.0,1.212,169.0,217.0,165.01,0.7788,0.7604,165.01,0.7604,69.0,0.2623,90.0,0.3422,147.0,55.01,0.6774,0.2535,113.0,0.5208,0.6848,1.0242,1.4955,0.7604,0.5208,0.6106,83.15,0.3162,84.0,0.0,0.3871,23.5,0.3347,0.2683,0.9171,142.29,0.1185,0.3612,144.41,0.2535,0.1705,0.0028,0.1414,0.2438,0.0021,0.6099,0.4355,warning,True,0.0975,0.9425,0.1083,0.0046
sampleimg/Oblong/oblong (969).jpg,Oblong,long,long,긴형,True,0.8975,high,0.823,False,heart,0.0744,,,322.3,263.71,1.2222,192.38,263.71,218.22,0.7295,0.8275,218.22,0.8275,96.5,0.2994,119.0,0.3692,185.87,69.01,0.7048,0.2617,152.84,0.5796,0.7004,0.8816,1.2587,0.8275,0.5796,0.6314,100.6,0.3121,123.26,11.05,0.4674,1.0,0.3252,0.1749,0.8518,140.15,0.1667,0.2699,133.08,0.2617,0.0758,0.0002,0.0233,0.8975,0.0046,0.0744,0.6395,warning,True,0.9683,0.1462,0.0038,0.0683
sampleimg/Oblong/oblong (571).jpg,Oblong,long,long,긴형,True,0.9931,high,0.9891,False,heart,0.004,,,321.26,243.1,1.3215,166.19,243.1,200.0,0.6836,0.8227,200.0,0.8227,80.5,0.2506,145.0,0.4513,148.03,59.01,0.6089,0.2427,143.0,0.5882,0.715,0.831,1.1622,0.8227,0.5882,0.5629,88.05,0.2741,94.09,30.02,0.387,25.5,0.3051,0.1255,0.8196,134.87,0.1579,0.3642,144.37,0.2427,0.1851,0.0,0.0029,0.9931,0.0001,0.004,0.414,warning,True,0.1258,0.8462,0.1049,0.0123
sampleimg/Oblong/oblong (463).jpg,Oblong,long,long,긴형,True,0.688,high,0.4676,False,oval,0.2204,,,373.54,296.29,1.2607,207.24,296.29,230.18,0.6995,0.7769,230.18,0.7769,86.5,0.2316,159.0,0.4257,191.13,72.06,0.6451,0.2432,159.08,0.5369,0.6911,0.9004,1.3028,0.7769,0.5369,0.5438,105.08,0.2813,133.14,23.02,0.4493,2.0,0.3108,0.163,0.8346,139.19,0.1353,0.3882,141.16,0.2432,0.0405,0.0014,0.2204,0.688,0.0002,0.09,0.848,good,True,0.9433,0.705,0.0068,0.0236
sampleimg/Oblong/oblong (746).jpg,Oblong,long,long,긴형,True,0.5591,high,0.2674,False,heart,0.2917,,,227.11,184.07,1.2338,132.09,184.07,148.0,0.7176,0.8041,148.0,0.8041,56.5,0.2488,97.0,0.4271,116.02,45.0,0.6303,0.2445,103.0,0.5596,0.6959,0.8925,1.2825,0.8041,0.5596,0.5485,63.03,0.2775,89.0,13.04,0.4835,16.0,0.2994,0.136,0.8534,142.84,0.1214,0.3963,139.69,0.2445,0.1521,0.0059,0.1382,0.5591,0.005,0.2917,0.511,warning,True,0.2758,0.8638,0.0869,0.0109
sampleimg/Oblong/oblong (860).jpg,Oblong,long,heart,하트형,False,0.6483,high,0.3539,False,long,0.2943,,,469.43,381.02,1.232,288.21,381.02,298.14,0.7564,0.7825,298.14,0.7825,119.5,0.2546,198.0,0.4218,247.05,86.01,0.6484,0.2257,211.34,0.5547,0.7089,0.9667,1.3637,0.7825,0.5547,0.5654,131.64,0.2804,180.02,38.12,0.4725,79.5,0.3004,0.1407,0.898,151.02,0.1093,0.3941,131.32,0.2257,0.3491,0.0023,0.0543,0.2943,0.0008,0.6483,0.3345,low,False,0.0,0.8362,0.2086,0.0131
sampleimg/Oblong/oblong (376).jpg,Oblong,long,long,긴형,True,0.9485,high,0.9164,False,heart,0.0321,,,176.34,133.3,1.3229,98.33,133.3,102.24,0.7376,0.767,102.24,0.767,41.5,0.2353,71.0,0.4026,86.15,33.02,0.6462,0.2477,71.11,0.5335,0.6955,0.9617,1.3827,0.767,0.5335,0.5836,52.0,0.2949,52.04,0.0,0.3904,8.5,0.329,0.2985,0.8734,140.95,0.1416,0.3686,140.19,0.2477,0.1275,0.0,0.0194,0.9485,0.0,0.0321,0.4935,warning,True,0.4683,0.5312,0.0638,0.0375
sampleimg/Oblong/oblong (690).jpg,Oblong,long,heart,하트형,False,0.4144,low,0.035,True,long,0.3794,,,925.12,758.84,1.2191,581.31,758.84,584.26,0.7661,0.7699,584.26,0.7699,230.5,0.2492,351.0,0.3794,512.09,191.66,0.6748,0.2526,414.41,0.5461,0.7093,0.995,1.4028,0.7699,0.5461,0.5562,273.72,0.2959,298.96,1.41,0.394,21.0,0.3213,0.3151,0.8974,143.43,0.1523,0.3005,131.82,0.2526,0.0633,0.0028,0.1972,0.3794,0.0062,0.4144,0.4615,warning,True,0.7692,0.0,0.0277,0.1397
sampleimg/Oblong/oblong (582).jpg,Oblong,long,long,긴형,True,0.9263,high,0.878,False,heart,0.0483,,,168.0,129.02,1.3022,94.0,129.02,103.08,0.7286,0.799,103.08,0.799,40.0,0.2381,68.0,0.4048,82.01,30.02,0.6356,0.2327,71.06,0.5508,0.6894,0.9119,1.3228,0.799,0.5508,0.5629,49.09,0.2922,60.03,7.07,0.4653,15.5,0.3155,0.1642,0.8681,135.74,0.1388,0.3988,147.65,0.2327,0.1938,0.0001,0.0243,0.9263,0.0009,0.0483,0.361,low,False,0.0,0.9025,0.1201,0.0078
sampleimg/Oblong/oblong (25).jpg,Oblong,long,long,긴형,True,0.5508,high,0.3259,False,heart,0.2249,,,138.09,112.02,1.2328,78.01,112.02,89.02,0.6964,0.7947,89.02,0.7947,32.0,0.2317,62.0,0.449,70.01,28.0,0.625,0.25,63.01,0.5625,0.7078,0.8763,1.238,0.7947,0.5625,0.5079,37.01,0.268,43.01,0.0,0.384,1.0,0.3042,0.2399,0.8392,137.51,0.1381,0.391,142.5,0.25,0.0,0.0113,0.2085,0.5508,0.0045,0.2249,0.911,good,True,0.9258,0.8888,0.0089,0.0089
sampleimg/Oblong/oblong (586).jpg,Oblong,long,long,긴형,True,0.9758,high,0.9583,False,oval,0.0175,,,157.32,122.02,1.2893,86.09,122.02,94.05,0.7056,0.7708,94.05,0.7708,39.5,0.2511,61.0,0.3877,76.06,29.0,0.6234,0.2377,66.07,0.5415,0.7025,0.9154,1.3031,0.7708,0.5415,0.5979,47.1,0.2994,42.05,0.0,0.3446,23.0,0.3242,0.2464,0.8445,137.29,0.1431,0.3623,146.31,0.2377,0.3278,0.0,0.0175,0.9758,0.0,0.0067,0.277,low,False,0.0,0.6925,0.1885,0.0246
sampleimg/Oblong/oblong (364).jpg,Oblong,long,long,긴형,True,0.7191,high,0.4992,False,oval,0.2198,,,504.36,394.06,1.2799,283.11,394.06,309.0,0.7184,0.7841,309.0,0.7841,107.0,0.2122,202.0,0.4005,243.03,99.01,0.6167,0.2512,211.01,0.5355,0.6829,0.9162,1.3417,0.7841,0.5355,0.5071,146.01,0.2895,135.18,0.0,0.343,30.0,0.3232,0.3302,0.8555,133.96,0.1428,0.4065,147.81,0.2512,0.1421,0.0064,0.2198,0.7191,0.0059,0.0488,0.5685,warning,True,0.3658,0.8725,0.0761,0.0102
sampleimg/Oblong/oblong (986).jpg,Oblong,long,heart,하트형,False,0.6072,high,0.3281,False,long,0.2791,,,322.04,265.01,1.2152,198.0,265.01,211.0,0.7471,0.7962,211.0,0.7962,85.0,0.2639,133.0,0.413,177.0,66.0,0.6679,0.249,149.0,0.5623,0.7062,0.9384,1.3288,0.7962,0.5623,0.5705,92.0,0.2857,127.0,24.02,0.4792,4.5,0.3043,0.1878,0.8792,140.52,0.1262,0.3726,141.54,0.249,0.034,0.002,0.1032,0.2791,0.0086,0.6072,0.915,good,True,0.8583,1.0,0.017,0.0
sampleimg/Oblong/oblong (607).jpg,Oblong,long,long,긴형,True,0.5759,high,0.167,False,heart,0.4089,,,287.04,223.29,1.2855,177.77,223.29,168.3,0.7961,0.7537,168.3,0.7537,74.0,0.2578,107.0,0.3728,158.27,52.35,0.7088,0.2344,119.1,0.5334,0.7077,1.0563,1.4925,0.7537,0.5334,0.6213,85.01,0.2961,85.29,1.0,0.382,54.0,0.3252,0.2918,0.9405,138.07,0.1479,0.3205,143.04,0.2344,0.4747,0.0,0.0151,0.5759,0.0001,0.4089,0.0,low,False,0.0,0.0,0.2418,0.0896
sampleimg/Oblong/oblong (300).jpg,Oblong,long,long,긴형,True,0.9235,high,0.8847,False,oval,0.0389,,,582.09,443.02,1.3139,308.06,443.02,355.17,0.6954,0.8017,355.17,0.8017,122.5,0.2105,267.0,0.4587,282.0,105.0,0.6365,0.237,247.34,0.5583,0.6964,0.8674,1.2455,0.8017,0.5583,0.4953,150.85,0.2592,185.1,23.0,0.4178,65.5,0.2959,0.2416,0.842,134.73,0.135,0.4261,151.22,0.237,0.2235,0.0005,0.0389,0.9235,0.0013,0.0358,0.3885,low,False,0.0,0.9712,0.1478,0.0023
sampleimg/Oblong/oblong (64).jpg,Oblong,long,long,긴형,True,0.3441,medium,0.0569,False,heart,0.2872,,,291.01,236.0,1.2331,166.08,236.0,193.09,0.7037,0.8182,193.09,0.8182,65.0,0.2234,128.0,0.4399,151.01,55.0,0.6399,0.233,131.19,0.5559,0.6794,0.8601,1.2659,0.8182,0.5559,0.4955,76.53,0.263,118.0,12.04,0.5,42.0,0.2888,0.218,0.8435,140.87,0.1341,0.4124,137.42,0.233,0.2797,0.0488,0.2694,0.3441,0.0505,0.2872,0.3575,low,False,0.0,0.8938,0.178,0.0085
sampleimg/Oblong/oblong (570).jpg,Oblong,long,long,긴형,True,0.866,high,0.7841,False,oval,0.0819,,,59.03,46.0,1.2833,34.01,46.0,36.0,0.7395,0.7826,36.0,0.7826,14.0,0.2372,23.0,0.3896,29.0,11.0,0.6304,0.2391,25.02,0.5439,0.695,0.9449,1.3595,0.7826,0.5439,0.5596,18.03,0.3054,16.03,0.0,0.3485,6.0,0.3218,0.2921,0.8698,136.49,0.1376,0.3896,146.31,0.2391,0.2174,0.0004,0.0819,0.866,0.0015,0.0502,0.4,warning,True,0.0,1.0,0.1304,0.0
sampleimg/Oblong/oblong (132).jpg,Oblong,long,long,긴형,True,0.7994,high,0.6961,False,heart,0.1033,,,291.11,232.03,1.2546,163.01,232.03,189.07,0.7025,0.8148,189.07,0.8148,67.5,0.2319,141.0,0.4844,146.0,59.01,0.6292,0.2543,140.06,0.6036,0.7408,0.8622,1.1639,0.8148,0.6036,0.4819,76.11,0.2614,96.05,22.02,0.4139,11.0,0.2992,0.1827,0.8362,136.55,0.1305,0.4122,147.24,0.2543,0.0603,0.0046,0.0727,0.7994,0.0199,0.1033,0.763,good,True,0.605,1.0,0.0474,0.0
sampleimg/Oblong/oblong (849).jpg,Oblong,long,long,긴형,True,0.6382,high,0.4478,False,oval,0.1904,,,354.01,283.02,1.2509,202.0,283.02,229.08,0.7137,0.8094,229.08,0.8094,83.0,0.2345,154.0,0.435,186.04,72.01,0.6574,0.2544,159.08,0.5621,0.6944,0.8818,1.2698,0.8094,0.5621,0.5218,95.08,0.2686,150.03,22.0,0.5301,18.5,0.2938,0.2406,0.8445,140.92,0.1282,0.4011,139.86,0.2544,0.1025,0.0061,0.1904,0.6382,0.0132,0.152,0.6025,warning,True,0.455,0.8237,0.0654,0.0141
sampleimg/Oblong/oblong (454).jpg,Oblong,long,heart,하트형,False,0.5697,high,0.2944,False,oval,0.2754,,,531.16,453.05,1.1724,331.1,453.05,354.04,0.7308,0.7814,354.04,0.7814,120.5,0.2269,240.0,0.4518,284.0,115.11,0.6269,0.2541,254.03,0.5607,0.7175,0.9352,1.3034,0.7814,0.5607,0.4744,138.01,0.2598,175.05,0.0,0.3864,8.5,0.2956,0.2439,0.872,137.1,0.1219,0.4067,146.09,0.2541,0.0464,0.0678,0.2754,0.0314,0.0557,0.5697,0.895,good,True,0.8433,0.9725,0.0188,0.0022
sampleimg/Oblong/oblong (399).jpg,Oblong,long,long,긴형,True,0.6244,high,0.3257,False,oval,0.2987,,,99.05,80.1,1.2365,55.08,80.1,64.03,0.6877,0.7994,64.03,0.7994,23.0,0.2322,42.0,0.424,51.04,20.02,0.6372,0.25,44.05,0.5499,0.6879,0.8602,1.2506,0.7994,0.5499,0.5222,27.0,0.2726,33.02,3.0,0.4122,1.0,0.2928,0.2117,0.8243,138.54,0.1255,0.414,145.49,0.25,0.025,0.0079,0.2987,0.6244,0.0094,0.0596,0.8125,good,True,0.8958,0.6875,0.0125,0.025
sampleimg/Oblong/oblong (982).jpg,Oblong,long,long,긴형,True,0.9695,high,0.952,False,oval,0.0175,,,449.16,340.21,1.3202,233.14,340.21,282.21,0.6853,0.8295,282.21,0.8295,94.5,0.2104,211.0,0.4698,216.28,88.02,0.6357,0.2587,202.2,0.5943,0.7165,0.8261,1.153,0.8295,0.5943,0.4674,116.11,0.2585,149.0,37.01,0.438,11.0,0.2962,0.1618,0.8206,133.58,0.1565,0.4097,143.67,0.2587,0.0353,0.0004,0.0175,0.9695,0.0078,0.0048,0.677,warning,True,0.7308,0.5962,0.0323,0.0323
sampleimg/Oblong/oblong (427).jpg,Oblong,long,long,긴형,True,0.4821,low,0.0217,True,heart,0.4604,,,193.62,154.94,1.2497,114.13,154.94,119.34,0.7366,0.7703,119.34,0.7703,49.5,0.2557,80.0,0.4132,101.6,35.13,0.6557,0.2267,83.15,0.5367,0.6968,0.9563,1.3725,0.7703,0.5367,0.5953,55.0,0.2841,75.43,13.15,0.4868,26.0,0.3106,0.1539,0.879,140.07,0.1362,0.3357,141.55,0.2267,0.3356,0.0001,0.0574,0.4821,0.0001,0.4604,0.045,low,False,0.0,0.1125,0.1678,0.071
sampleimg/Oblong/oblong (180).jpg,Oblong,long,long,긴형,True,0.5549,high,0.184,False,oval,0.3709,,,184.7,147.23,1.2545,104.94,147.23,113.64,0.7127,0.7718,113.64,0.7718,40.0,0.2166,69.0,0.3736,94.2,38.33,0.6398,0.2603,76.42,0.519,0.6725,0.9235,1.3732,0.7718,0.519,0.5234,58.22,0.3152,53.04,0.0,0.3602,8.0,0.3432,0.3127,0.8501,136.81,0.1506,0.3519,141.1,0.2603,0.1766,0.0267,0.3709,0.5549,0.0013,0.0462,0.3285,low,False,0.5475,0.0,0.0543,0.1019
sampleimg/Oblong/oblong (162).jpg,Oblong,long,long,긴형,True,0.4759,medium,0.1306,False,oval,0.3453,,,214.39,172.42,1.2435,125.32,172.42,136.3,0.7269,0.7905,136.3,0.7905,46.5,0.2169,87.0,0.4058,109.29,38.01,0.6339,0.2205,95.19,0.5521,0.6984,0.9195,1.3166,0.7905,0.5521,0.4885,61.03,0.2847,65.12,10.05,0.3777,3.0,0.3128,0.2459,0.8603,136.56,0.1432,0.3778,143.13,0.2205,0.058,0.0262,0.3453,0.4759,0.079,0.0737,0.681,warning,True,0.855,0.42,0.0174,0.0464
sampleimg/Oblong/oblong (741).jpg,Oblong,long,long,긴형,True,0.8179,high,0.7257,False,oval,0.0922,,,184.01,149.01,1.2349,106.0,149.01,118.21,0.7114,0.7933,118.21,0.7933,48.5,0.2636,70.0,0.3804,95.0,35.01,0.6375,0.235,81.22,0.5451,0.6871,0.8968,1.3051,0.7933,0.5451,0.5971,56.32,0.3061,61.07,0.0,0.4099,28.5,0.3262,0.2407,0.8457,136.83,0.1351,0.3641,148.7,0.235,0.302,0.0011,0.0922,0.8179,0.0011,0.0877,0.4,warning,True,0.0,1.0,0.1913,0.0
sampleimg/Oblong/oblong (778).jpg,Oblong,long,long,긴형,True,0.4836,high,0.1975,False,oval,0.2861,,,239.31,194.37,1.2312,140.91,194.37,154.43,0.725,0.7946,154.43,0.7946,54.5,0.2277,100.0,0.4179,123.91,45.71,0.6375,0.2352,108.05,0.5559,0.6996,0.9124,1.3042,0.7946,0.5559,0.5044,66.75,0.2789,80.75,8.06,0.4155,12.5,0.3074,0.1523,0.8596,142.13,0.1438,0.3552,135.0,0.2352,0.0257,0.0249,0.2861,0.4836,0.0231,0.1824,0.2925,low,False,0.4642,0.035,0.0643,0.0772
sampleimg/Oblong/oblong (668).jpg,Oblong,long,long,긴형,True,0.4172,medium,0.1065,False,oval,0.3107,,,104.81,83.73,1.2518,57.56,83.73,66.61,0.6875,0.7956,66.61,0.7956,20.5,0.1956,45.0,0.4294,51.48,20.4,0.6148,0.2436,46.39,0.5541,0.6964,0.8641,1.2408,0.7956,0.5541,0.4419,28.16,0.2687,28.28,5.1,0.3378,0.5,0.2982,0.2328,0.8311,134.09,0.1205,0.4771,154.8,0.2436,0.0836,0.0783,0.3107,0.4172,0.1802,0.0136,0.57,warning,True,0.95,0.0,0.006,0.0836
sampleimg/Oblong/oblong (505).jpg,Oblong,long,long,긴형,True,0.7522,high,0.5954,False,heart,0.1568,,,757.0,602.2,1.2571,443.95,602.2,468.78,0.7372,0.7784,468.78,0.7784,189.5,0.2503,306.0,0.4042,382.1,141.15,0.6345,0.2344,329.49,0.5471,0.7029,0.947,1.3474,0.7784,0.5471,0.5751,217.23,0.287,255.1,48.01,0.4236,6.5,0.3083,0.1567,0.872,141.57,0.1374,0.358,138.32,0.2344,0.0548,0.0003,0.0901,0.7522,0.0006,0.1568,0.705,good,True,0.91,0.3975,0.0108,0.0482
sampleimg/Oblong/oblong (744).jpg,Oblong,long,long,긴형,True,0.9252,high,0.8821,False,oval,0.0431,,,1514.0,1153.01,1.3131,829.02,1153.01,930.08,0.719,0.8067,930.08,0.8067,308.0,0.2034,647.0,0.4273,732.15,305.04,0.635,0.2646,658.22,0.5709,0.7077,0.8913,1.2595,0.8067,0.5709,0.4679,428.26,0.2829,417.0,1.41,0.3617,83.5,0.3184,0.2912,0.8552,135.23,0.1475,0.43,143.67,0.2646,0.1188,0.0035,0.0431,0.9252,0.0185,0.0096,0.573,warning,True,0.3967,0.8375,0.0724,0.013
sampleimg/Oblong/oblong (600).jpg,Oblong,long,oval,계란형 또는 일반형,False,0.4892,high,0.1822,False,long,0.307,,,45.89,38.83,1.1818,26.48,38.83,30.41,0.6818,0.7832,30.41,0.7832,10.5,0.2288,19.0,0.414,25.5,10.2,0.6565,0.2626,21.21,0.5463,0.6975,0.8705,1.2481,0.7832,0.5463,0.495,12.04,0.2624,13.34,2.24,0.3436,1.0,0.2866,0.3822,0.8384,136.06,0.1715,0.3051,137.12,0.2626,0.103,0.0172,0.4892,0.307,0.0622,0.1244,0.471,warning,True,0.785,0.0,0.0258,0.1288
sampleimg/Oblong/oblong (177).jpg,Oblong,long,long,긴형,True,0.5377,high,0.3413,False,heart,0.1964,,,191.26,152.4,1.255,112.16,152.4,121.41,0.736,0.7967,121.41,0.7967,43.0,0.2248,79.0,0.413,98.25,38.05,0.6447,0.2497,84.38,0.5537,0.695,0.9238,1.3292,0.7967,0.5537,0.5096,54.45,0.2847,69.12,9.06,0.4535,20.0,0.3096,0.1746,0.8739,135.18,0.1239,0.4392,152.5,0.2497,0.1706,0.0119,0.1811,0.5377,0.073,0.1964,0.1705,low,False,0.0,0.4263,0.1312,0.0459
sampleimg/Oblong/oblong (740).jpg,Oblong,long,oval,계란형 또는 일반형,False,0.4549,high,0.2272,False,round,0.2277,,,207.0,174.0,1.1897,118.0,174.0,140.0,0.6782,0.8046,140.0,0.8046,43.5,0.2101,89.0,0.4299,108.0,39.01,0.6207,0.2242,95.01,0.546,0.6786,0.8428,1.242,0.8046,0.546,0.4579,54.04,0.261,73.03,8.0,0.4197,6.0,0.29,0.183,0.8219,133.84,0.1303,0.4155,149.15,0.2242,0.046,0.2277,0.4549,0.0631,0.2051,0.0492,0.799,good,True,0.7125,0.9287,0.0345,0.0057
sampleimg/Oblong/oblong (775).jpg,Oblong,long,heart,하트형,False,0.6917,high,0.4039,False,long,0.2878,,,194.44,157.46,1.2348,126.32,157.46,120.34,0.8023,0.7642,120.34,0.7642,55.5,0.2854,72.0,0.3703,108.23,39.05,0.6873,0.248,86.21,0.5475,0.7164,1.0497,1.4653,0.7642,0.5475,0.6438,59.14,0.3041,64.2,1.0,0.4077,4.5,0.3195,0.2772,0.9362,146.74,0.1091,0.3754,141.45,0.248,0.0064,0.0,0.0202,0.2878,0.0003,0.6917,0.6345,warning,True,0.7617,0.4438,0.0286,0.0445
sampleimg/Oblong/oblong (2).jpg,Oblong,long,oval,계란형 또는 일반형,False,0.5102,high,0.23,False,round,0.2801,,,220.06,179.0,1.2293,126.02,179.0,139.0,0.704,0.7765,139.0,0.7765,44.5,0.2022,82.0,0.3726,111.0,42.05,0.6201,0.2349,93.01,0.5196,0.6691,0.9066,1.3549,0.7765,0.5196,0.4785,68.0,0.309,69.03,1.0,0.3856,7.5,0.3363,0.2459,0.8436,134.32,0.1349,0.4135,148.92,0.2349,0.0838,0.2801,0.5102,0.1684,0.024,0.0173,0.7905,good,True,0.6508,1.0,0.0419,0.0
sampleimg/Oblong/oblong (3).jpg,Oblong,long,long,긴형,True,0.6201,high,0.4212,False,heart,0.1989,,,438.01,352.02,1.2443,251.1,352.02,282.0,0.7133,0.8011,282.0,0.8011,104.5,0.2386,186.0,0.4246,224.02,81.06,0.6364,0.2303,195.01,0.554,0.6915,0.8904,1.2876,0.8011,0.554,0.5359,119.04,0.2718,162.0,22.02,0.4602,25.0,0.2945,0.2165,0.8524,140.0,0.1306,0.3995,140.69,0.2303,0.125,0.004,0.1685,0.6201,0.0084,0.1989,0.6025,warning,True,0.4083,0.8938,0.071,0.0085
sampleimg/Oblong/oblong (577).jpg,Oblong,long,long,긴형,True,0.9428,high,0.897,False,oval,0.0457,,,255.13,195.16,1.3072,135.24,195.16,152.05,0.6929,0.7791,152.05,0.7791,56.0,0.2195,111.0,0.4351,121.1,44.05,0.6205,0.2257,106.0,0.5432,0.6972,0.8894,1.2758,0.7791,0.5432,0.5283,69.0,0.2705,94.05,24.02,0.4819,14.5,0.298,0.1849,0.8365,141.18,0.1237,0.4351,141.95,0.2257,0.1486,0.0002,0.0457,0.9428,0.0001,0.0112,0.5005,warning,True,0.3808,0.68,0.0743,0.0256
sampleimg/Oblong/oblong (251).jpg,Oblong,long,long,긴형,True,0.4679,medium,0.1431,False,heart,0.3248,,,104.0,83.01,1.253,63.0,83.01,65.01,0.759,0.7832,65.01,0.7832,23.5,0.226,41.0,0.3942,55.04,20.02,0.663,0.2412,45.04,0.5427,0.6929,0.9691,1.3986,0.7832,0.5427,0.5217,30.0,0.2884,31.0,1.0,0.3735,5.5,0.3077,0.2599,0.9035,140.55,0.1292,0.4038,141.34,0.2412,0.1325,0.0087,0.1568,0.4679,0.0417,0.3248,0.548,warning,True,0.4475,0.6987,0.0663,0.0241
sampleimg/Oblong/oblong (863).jpg,Oblong,long,long,긴형,True,0.5036,high,0.1991,False,heart,0.3045,,,525.0,421.1,1.2468,332.05,421.1,316.19,0.7885,0.7509,316.19,0.7509,125.5,0.239,192.0,0.3657,298.14,109.07,0.708,0.259,222.23,0.5277,0.7028,1.0502,1.4942,0.7509,0.5277,0.5647,161.05,0.3068,156.01,1.0,0.3705,13.5,0.3295,0.2865,0.9216,145.45,0.116,0.3848,139.43,0.259,0.0451,0.0029,0.1872,0.5036,0.0019,0.3045,0.7325,good,True,0.7325,0.7325,0.0321,0.0214
sampleimg/Oblong/oblong (412).jpg,Oblong,long,long,긴형,True,0.9366,high,0.8911,False,heart,0.0455,,,206.78,158.38,1.3056,115.52,158.38,127.14,0.7294,0.8028,127.14,0.8028,51.0,0.2466,87.0,0.4207,105.3,39.2,0.6649,0.2475,89.05,0.5623,0.7004,0.9086,1.2973,0.8028,0.5623,0.5727,58.01,0.2805,68.12,1.0,0.4301,21.0,0.305,0.2351,0.862,136.45,0.1493,0.3627,143.13,0.2475,0.2526,0.0,0.0175,0.9366,0.0004,0.0455,0.1475,low,False,0.0,0.3688,0.1326,0.0505
sampleimg/Oblong/oblong (618).jpg,Oblong,long,long,긴형,True,0.562,high,0.2244,False,oval,0.3376,,,253.24,206.16,1.2284,149.16,206.16,160.08,0.7236,0.7765,160.08,0.7765,59.5,0.235,92.0,0.3633,130.02,46.01,0.6307,0.2232,109.04,0.5289,0.6812,0.9318,1.368,0.7765,0.5289,0.5457,78.01,0.308,73.11,0.0,0.3546,8.0,0.3318,0.2868,0.8595,141.11,0.1228,0.3949,143.49,0.2232,0.0873,0.0378,0.3376,0.562,0.0064,0.0562,0.7575,good,True,0.6767,0.8788,0.0388,0.0097
sampleimg/Oblong/oblong (308).jpg,Oblong,long,oval,계란형 또는 일반형,False,0.4082,low,0.0495,True,long,0.3587,,,409.24,330.04,1.24,236.1,330.04,261.0,0.7154,0.7908,261.0,0.7908,86.5,0.2114,165.0,0.4032,199.01,74.17,0.603,0.2247,177.03,0.5364,0.6783,0.9046,1.3337,0.7908,0.5364,0.4886,113.02,0.2762,113.22,0.0,0.343,31.0,0.3079,0.2256,0.8577,138.65,0.1275,0.4203,143.68,0.2247,0.1757,0.0874,0.4082,0.3587,0.0516,0.0941,0.5,warning,True,0.2175,0.9237,0.0939,0.0061
sampleimg/Oblong/oblong (634).jpg,Oblong,long,long,긴형,True,0.5804,high,0.3411,False,oval,0.2393,,,226.0,179.01,1.2625,135.01,179.01,135.0,0.7542,0.7542,135.0,0.7542,50.5,0.2235,87.0,0.385,114.0,44.01,0.6368,0.2459,94.01,0.5251,0.6963,1.0001,1.4362,0.7542,0.5251,0.5372,69.01,0.3053,65.01,1.0,0.3631,1.5,0.3319,0.2862,0.8939,141.51,0.1223,0.4159,142.85,0.2459,0.0279,0.0063,0.2393,0.5804,0.001,0.173,0.958,good,True,0.93,1.0,0.0084,0.0
sampleimg/Oblong/oblong (639).jpg,Oblong,long,heart,하트형,False,0.8209,high,0.728,False,oval,0.0928,,,276.72,227.0,1.219,171.03,227.0,169.05,0.7534,0.7447,169.05,0.7447,71.0,0.2566,107.0,0.3867,144.01,55.0,0.6344,0.2423,115.16,0.5073,0.6812,1.0117,1.4852,0.7447,0.5073,0.6166,82.02,0.2964,91.2,14.04,0.4018,36.5,0.3146,0.2591,0.8988,140.7,0.1192,0.3722,145.39,0.2423,0.304,0.0002,0.0928,0.0861,0.0,0.8209,0.356,low,False,0.0,0.89,0.1608,0.0088
sampleimg/Oblong/oblong (208).jpg,Oblong,long,long,긴형,True,0.5493,high,0.2319,False,oval,0.3175,,,252.79,202.2,1.2502,138.36,202.2,156.85,0.6843,0.7757,156.85,0.7757,56.0,0.2215,116.0,0.4589,119.94,45.4,0.5932,0.2245,109.84,0.5432,0.7003,0.8821,1.2597,0.7757,0.5432,0.5098,68.15,0.2696,93.54,20.02,0.4626,51.5,0.2959,0.2,0.8239,135.78,0.1147,0.4668,157.65,0.2245,0.3412,0.0027,0.3175,0.5493,0.0007,0.1298,0.029,low,False,0.0,0.0725,0.2547,0.0742
sampleimg/Oblong/oblong (175).jpg,Oblong,long,long,긴형,True,0.8333,high,0.7222,False,oval,0.1111,,,474.04,374.01,1.2675,275.02,374.01,295.0,0.7353,0.7888,295.0,0.7888,108.5,0.2289,182.0,0.3839,240.01,90.02,0.6417,0.2407,206.01,0.5508,0.6983,0.9323,1.335,0.7888,0.5508,0.5267,145.0,0.3059,145.06,1.0,0.3878,11.0,0.3312,0.2598,0.869,137.09,0.1385,0.3966,144.96,0.2407,0.0535,0.0061,0.1111,0.8333,0.0121,0.0373,0.8265,good,True,0.755,0.9337,0.0294,0.0053
sampleimg/Oblong/oblong (930).jpg,Oblong,long,long,긴형,True,0.9636,high,0.9442,False,oval,0.0194,,,868.15,671.01,1.2938,487.0,671.01,530.02,0.7258,0.7899,530.02,0.7899,210.5,0.2425,366.0,0.4216,449.01,163.08,0.6692,0.243,381.05,0.5679,0.7189,0.9188,1.2781,0.7899,0.5679,0.5524,247.24,0.2848,252.05,1.0,0.3756,36.5,0.3123,0.2956,0.8584,141.45,0.1269,0.3939,143.68,0.243,0.076,0.0001,0.0194,0.9636,0.0003,0.0166,0.7055,good,True,0.5467,0.9437,0.0544,0.0045
sampleimg/Oblong/oblong (717).jpg,Oblong,long,oval,계란형 또는 일반형,False,0.4775,high,0.229,False,long,0.2485,,,855.84,694.93,1.2315,497.03,694.93,538.45,0.7152,0.7748,538.45,0.7748,181.0,0.2115,372.0,0.4347,439.03,163.03,0.6318,0.2346,376.3,0.5415,0.6989,0.9231,1.3208,0.7748,0.5415,0.481,234.02,0.2734,251.02,32.14,0.3612,35.0,0.3063,0.2652,0.8578,136.55,0.1305,0.4031,146.03,0.2346,0.1094,0.0348,0.4775,0.2485,0.0107,0.2286,0.532,warning,True,0.58,0.46,0.0504,0.0432
sampleimg/Oblong/oblong (17).jpg,Oblong,long,oval,계란형 또는 일반형,False,0.421,low,0.0364,True,long,0.3846,,,186.0,153.0,1.2157,108.0,153.0,124.0,0.7059,0.8105,124.0,0.8105,44.5,0.2392,79.0,0.4247,98.02,35.01,0.6407,0.2289,86.01,0.5621,0.6936,0.8709,1.2557,0.8105,0.5621,0.5174,51.01,0.2742,64.01,9.0,0.4184,4.5,0.2957,0.2505,0.8301,139.28,0.1307,0.3871,142.19,0.2289,0.0458,0.0211,0.421,0.3846,0.0523,0.121,0.7875,good,True,0.755,0.8362,0.0294,0.0131
sampleimg/Oblong/oblong (206).jpg,Oblong,long,long,긴형,True,0.9408,high,0.8963,False,oval,0.0445,,,146.09,115.07,1.2695,80.22,115.07,92.02,0.6972,0.7997,92.02,0.7997,34.0,0.2327,62.0,0.4244,74.06,27.02,0.6436,0.2348,65.03,0.5651,0.7067,0.8718,1.2336,0.7997,0.5651,0.5228,40.31,0.2759,47.01,0.0,0.4085,28.5,0.3015,0.2953,0.8365,147.38,0.1284,0.4107,131.53,0.2348,0.4084,0.0022,0.0445,0.9408,0.0009,0.0116,0.2695,low,False,0.0,0.6737,0.2477,0.0261
sampleimg/Oblong/oblong (170).jpg,Oblong,long,long,긴형,True,0.9992,high,0.9986,False,heart,0.0006,,,197.0,136.03,1.4482,101.32,136.03,104.24,0.7448,0.7662,104.24,0.7662,45.5,0.231,74.0,0.3756,85.02,34.06,0.625,0.2504,70.58,0.5188,0.6771,0.972,1.4356,0.7662,0.5188,0.6447,61.4,0.3117,44.01,0.0,0.3235,56.0,0.3352,0.3907,0.8919,131.93,0.171,0.3706,150.75,0.2504,0.7204,0.0,0.0001,0.9992,0.0,0.0006,0.3265,low,False,0.0,0.8163,0.4117,0.0147
sampleimg/Oblong/oblong (452).jpg,Oblong,long,heart,하트형,False,0.4725,medium,0.1048,False,oval,0.3677,,,135.45,109.37,1.2384,76.32,109.37,85.21,0.6978,0.7791,85.21,0.7791,30.0,0.2215,71.0,0.5242,66.37,26.17,0.6068,0.2393,62.07,0.5675,0.7285,0.8957,1.2296,0.7791,0.5675,0.4833,29.0,0.2141,47.27,23.09,0.4322,10.5,0.2588,0.1249,0.8261,138.02,0.1267,0.3987,143.75,0.2393,0.192,0.0004,0.3677,0.1589,0.0005,0.4725,0.2,low,False,0.2,0.2,0.096,0.064
sampleimg/Oblong/oblong (837).jpg,Oblong,long,long,긴형,True,0.5957,high,0.3353,False,oval,0.2604,,,272.9,220.48,1.2378,158.82,220.48,172.68,0.7203,0.7832,172.68,0.7832,64.0,0.2345,108.0,0.3957,144.53,54.33,0.6555,0.2464,119.08,0.5401,0.6896,0.9198,1.3338,0.7832,0.5401,0.5375,78.77,0.2886,92.57,12.17,0.4199,1.0,0.3115,0.2049,0.8583,138.11,0.1625,0.3261,135.74,0.2464,0.0907,0.003,0.2604,0.5957,0.005,0.136,0.5775,warning,True,0.9625,0.0,0.0045,0.0952
sampleimg/Oblong/oblong (73).jpg,Oblong,long,long,긴형,True,0.8581,high,0.7859,False,heart,0.0721,,,102.0,80.0,1.2751,60.0,80.0,62.0,0.75,0.775,62.0,0.775,26.0,0.2549,39.0,0.3823,52.01,20.0,0.6501,0.25,43.0,0.5375,0.6935,0.9677,1.3953,0.775,0.5375,0.6047,31.0,0.3039,37.01,8.0,0.4627,0.0,0.3137,0.1542,0.875,144.59,0.1222,0.3823,139.09,0.25,0.0,0.0001,0.0695,0.8581,0.0002,0.0721,0.9375,good,True,1.0,0.8438,0.0,0.0125
sampleimg/Oblong/oblong (268).jpg,Oblong,long,oval,계란형 또는 일반형,False,0.505,high,0.1691,False,long,0.3359,,,138.09,109.02,1.2667,74.03,109.02,87.09,0.679,0.7989,87.09,0.7989,26.0,0.1883,63.0,0.4562,67.03,26.02,0.6148,0.2387,59.14,0.5424,0.679,0.85,1.2518,0.7989,0.5424,0.4397,37.48,0.2714,52.01,9.0,0.4771,21.5,0.3055,0.2125,0.8164,132.01,0.1286,0.4562,156.43,0.2387,0.2844,0.0868,0.505,0.3359,0.0194,0.0528,0.3085,low,False,0.0,0.7712,0.1972,0.0183
sampleimg/Oblong/oblong (88).jpg,Oblong,long,heart,하트형,False,0.6986,high,0.5015,False,long,0.1972,,,445.07,363.02,1.226,268.03,363.02,286.0,0.7383,0.7878,286.0,0.7878,110.5,0.2483,201.0,0.4516,234.01,93.0,0.6446,0.2562,204.0,0.562,0.7133,0.9372,1.3139,0.7878,0.562,0.5417,114.02,0.2562,175.03,37.22,0.4821,17.5,0.2831,0.1595,0.8761,142.86,0.1156,0.4022,140.83,0.2562,0.0854,0.0011,0.1003,0.1972,0.0027,0.6986,0.7315,good,True,0.5983,0.9313,0.0482,0.0055
sampleimg/Oblong/oblong (211).jpg,Oblong,long,long,긴형,True,0.6438,high,0.3835,False,oval,0.2604,,,330.87,259.62,1.2744,184.53,259.62,204.48,0.7108,0.7876,204.48,0.7876,66.0,0.1995,131.0,0.3959,160.61,66.27,0.6186,0.2553,139.29,0.5365,0.6812,0.9024,1.3248,0.7876,0.5365,0.4738,98.08,0.2964,90.02,7.07,0.3467,7.5,0.3269,0.2745,0.8537,134.02,0.1495,0.3929,144.93,0.2553,0.0886,0.0429,0.2604,0.6438,0.0255,0.0274,0.586,warning,True,0.7592,0.3262,0.0289,0.0539
sampleimg/Oblong/oblong (977).jpg,Oblong,long,long,긴형,True,0.9598,high,0.9376,False,oval,0.0222,,,493.05,384.22,1.2832,271.02,384.22,313.77,0.7054,0.8166,313.77,0.8166,117.0,0.2373,197.0,0.3996,245.2,91.27,0.6382,0.2375,213.85,0.5566,0.6815,0.8637,1.2673,0.8166,0.5566,0.5471,141.72,0.2874,161.0,1.0,0.419,83.0,0.309,0.2673,0.846,144.46,0.1521,0.3671,131.44,0.2375,0.3175,0.0009,0.0222,0.9598,0.0014,0.0157,0.27,low,False,0.0,0.675,0.216,0.026
sampleimg/Oblong/oblong (451).jpg,Oblong,long,long,긴형,True,0.6116,high,0.2866,False,square,0.325,,,111.07,89.02,1.2477,64.03,89.02,75.01,0.7193,0.8426,75.01,0.8426,27.5,0.2476,44.0,0.3961,57.01,20.02,0.6404,0.2249,52.04,0.5846,0.6938,0.8537,1.2305,0.8426,0.5846,0.5285,31.06,0.2797,34.0,0.0,0.3819,12.5,0.3061,0.2494,0.854,139.51,0.1427,0.3781,138.81,0.2249,0.2359,0.0081,0.0301,0.6116,0.325,0.0251,0.344,low,False,0.0,0.86,0.1404,0.0112
sampleimg/Oblong/oblong (598).jpg,Oblong,long,long,긴형,True,0.4252,medium,0.0806,False,oval,0.3446,,,577.19,470.51,1.2267,333.22,470.51,377.7,0.7082,0.8027,377.7,0.8027,135.5,0.2348,248.0,0.4297,301.54,118.27,0.6409,0.2514,263.55,0.5601,0.6978,0.8822,1.2643,0.8027,0.5601,0.5141,157.26,0.2725,179.23,0.0,0.3809,25.0,0.2999,0.2749,0.8401,135.02,0.128,0.4193,149.08,0.2514,0.068,0.0142,0.3446,0.4252,0.0432,0.1728,0.543,warning,True,0.5575,0.5212,0.0531,0.0383
sampleimg/Oblong/oblong (795).jpg,Oblong,long,long,긴형,True,0.8138,high,0.69,False,heart,0.1238,,,222.02,178.0,1.2473,130.0,178.0,138.0,0.7304,0.7753,138.0,0.7753,58.5,0.2635,90.0,0.4054,118.02,43.01,0.663,0.2416,98.01,0.5506,0.7102,0.942,1.3265,0.7753,0.5506,0.5969,65.03,0.2929,73.0,17.0,0.4101,13.0,0.3108,0.2115,0.8652,144.32,0.1174,0.3738,141.53,0.2416,0.1236,0.0002,0.062,0.8138,0.0002,0.1238,0.579,warning,True,0.3917,0.86,0.073,0.0112
sampleimg/Oblong/oblong (479).jpg,Oblong,long,long,긴형,True,0.925,high,0.8838,False,oval,0.0411,,,433.07,328.07,1.32,233.02,328.07,261.28,0.7103,0.7964,261.28,0.7964,97.0,0.224,196.0,0.4526,213.15,75.17,0.6497,0.2291,181.33,0.5527,0.694,0.8919,1.285,0.7964,0.5527,0.5349,111.36,0.2571,157.16,29.0,0.479,32.0,0.2889,0.2216,0.8413,142.57,0.1348,0.411,137.14,0.2291,0.1402,0.0001,0.0411,0.925,0.0001,0.0338,0.3905,low,False,0.1875,0.695,0.0975,0.0244
sampleimg/Oblong/oblong (347).jpg,Oblong,long,square,사각형,False,0.7306,high,0.5391,False,round,0.1916,,,152.33,131.14,1.1616,95.05,131.14,104.17,0.7248,0.7944,104.17,0.7944,25.0,0.1641,74.0,0.4858,86.05,33.06,0.6562,0.2521,74.11,0.5651,0.7114,0.9124,1.2826,0.7944,0.5651,0.3373,34.23,0.2247,42.05,3.16,0.3206,8.5,0.277,0.1814,0.8546,129.76,0.1323,0.4595,148.67,0.2521,0.0686,0.1916,0.0698,0.0002,0.7306,0.0079,0.5615,warning,True,0.46,0.7137,0.0648,0.0229
sampleimg/Oblong/oblong (730).jpg,Oblong,long,oval,계란형 또는 일반형,False,0.537,high,0.3205,False,long,0.2166,,,109.02,90.02,1.211,65.03,90.02,72.01,0.7224,0.7999,72.01,0.7999,25.5,0.2339,45.0,0.4128,57.01,20.0,0.6333,0.2222,50.0,0.5554,0.6944,0.9031,1.3006,0.7999,0.5554,0.51,30.0,0.2752,33.0,0.0,0.3666,3.0,0.2937,0.3436,0.8445,138.22,0.1252,0.4036,144.46,0.2222,0.0667,0.021,0.537,0.2166,0.1265,0.0989,0.778,good,True,0.7225,0.8612,0.0333,0.0111
sampleimg/Oblong/oblong (392).jpg,Oblong,long,long,긴형,True,0.739,high,0.5443,False,heart,0.1946,,,119.85,97.67,1.2271,70.41,97.67,76.94,0.7208,0.7877,76.94,0.7877,33.0,0.2753,46.0,0.3838,61.66,25.18,0.6313,0.2578,53.46,0.5473,0.6948,0.9151,1.317,0.7877,0.5473,0.6173,36.35,0.3032,41.3,0.0,0.4229,10.0,0.3224,0.2725,0.8574,139.97,0.1582,0.267,135.0,0.2578,0.3071,0.0002,0.0659,0.739,0.0002,0.1946,0.088,low,False,0.1467,0.0,0.1024,0.0921
sampleimg/Oblong/oblong (817).jpg,Oblong,long,long,긴형,True,0.8139,high,0.7042,False,oval,0.1098,,,297.32,239.74,1.2402,175.57,239.74,187.84,0.7323,0.7835,187.84,0.7835,72.0,0.2422,111.0,0.3733,155.93,56.92,0.6504,0.2374,130.29,0.5435,0.6936,0.9347,1.3475,0.7835,0.5435,0.5526,86.4,0.2906,98.08,0.0,0.4091,0.0,0.3138,0.2122,0.8681,140.9,0.2082,0.2153,125.59,0.2374,0.2002,0.0003,0.1098,0.8139,0.0037,0.0724,0.6,warning,True,1.0,0.0,0.0,0.2169
sampleimg/Oblong/oblong (942).jpg,Oblong,long,heart,하트형,False,0.4238,medium,0.0632,False,oval,0.3606,,,470.31,390.13,1.2055,276.12,390.13,308.08,0.7078,0.7897,308.08,0.7897,113.5,0.2413,212.0,0.4508,245.05,91.02,0.6281,0.2333,217.04,0.5563,0.7045,0.8962,1.2722,0.7897,0.5563,0.523,123.0,0.2615,171.03,30.02,0.4384,13.0,0.2892,0.1646,0.8411,139.72,0.1229,0.387,143.13,0.2333,0.0718,0.0079,0.3606,0.203,0.0048,0.4238,0.7695,good,True,0.7225,0.84,0.0333,0.0128
sampleimg/Oblong/oblong (836).jpg,Oblong,long,long,긴형,True,0.9848,high,0.9718,False,oval,0.013,,,224.01,170.0,1.3177,118.0,170.0,137.0,0.6941,0.8059,137.0,0.8059,49.5,0.221,91.0,0.4062,107.02,44.05,0.6295,0.2591,96.02,0.5648,0.7009,0.8613,1.2289,0.8059,0.5648,0.5155,66.01,0.2947,58.14,2.0,0.342,5.0,0.3259,0.2357,0.8294,137.64,0.142,0.4062,143.27,0.2591,0.0471,0.0004,0.013,0.9848,0.0006,0.0011,0.794,good,True,0.755,0.8525,0.0294,0.0118
sampleimg/Oval/oval (311).jpg,Oval,oval,round,둥근형,False,0.3233,low,0.0468,True,oval,0.2765,,,452.36,372.46,1.2145,254.77,372.46,306.53,0.684,0.823,306.53,0.823,99.0,0.2189,192.0,0.4244,242.74,92.35,0.6517,0.2479,209.15,0.5615,0.6823,0.8312,1.2181,0.823,0.5615,0.4733,123.1,0.2721,156.08,13.15,0.419,62.5,0.3009,0.1831,0.8189,138.19,0.121,0.4443,143.81,0.2479,0.3088,0.3233,0.2765,0.183,0.1877,0.0295,0.145,low,False,0.0,0.3625,0.1678,0.051
sampleimg/Oval/oval (763).jpg,Oval,oval,oval,계란형 또는 일반형,True,0.5784,high,0.3545,False,round,0.224,,,85.38,72.34,1.1802,52.24,72.34,56.22,0.7221,0.7772,56.22,0.7772,17.5,0.205,35.0,0.41,45.28,19.03,0.6259,0.263,38.21,0.5282,0.6796,0.9292,1.3672,0.7772,0.5282,0.458,24.08,0.2821,28.16,0.0,0.3893,0.0,0.3054,0.2336,0.8599,135.41,0.137,0.3865,143.47,0.263,0.0553,0.224,0.5784,0.0169,0.0771,0.1036,0.6545,warning,True,1.0,0.1363,0.0,0.0691
sampleimg/Oval/oval (359).jpg,Oval,oval,round,둥근형,False,0.61,high,0.4511,False,oval,0.1589,,,201.01,179.0,1.1229,131.0,179.0,140.0,0.7318,0.7821,140.0,0.7821,47.5,0.2363,82.0,0.4079,113.0,45.01,0.6313,0.2515,99.01,0.5531,0.7072,0.9357,1.3232,0.7821,0.5531,0.4798,58.01,0.2886,66.01,0.0,0.3688,0.5,0.3135,0.2852,0.8715,139.41,0.1111,0.398,145.18,0.2515,0.0056,0.61,0.1589,0.005,0.1181,0.108,0.958,good,True,0.9767,0.93,0.0028,0.0056
sampleimg/Oval/oval (450).jpg,Oval,oval,oval,계란형 또는 일반형,True,0.5469,high,0.2621,False,heart,0.2848,,,156.32,134.24,1.1645,101.18,134.24,101.12,0.7537,0.7533,101.12,0.7533,35.5,0.2271,59.0,0.3774,92.05,37.01,0.6857,0.2757,69.03,0.5142,0.6826,1.0005,1.4657,0.7533,0.5142,0.5143,47.0,0.3007,41.05,1.41,0.3058,10.0,0.3265,0.2817,0.8885,140.81,0.1183,0.3774,144.36,0.2757,0.149,0.1424,0.5469,0.0176,0.0084,0.2848,0.516,warning,True,0.3792,0.7212,0.0745,0.0223
sampleimg/Oval/oval (120).jpg,Oval,oval,oval,계란형 또는 일반형,True,0.6604,high,0.4936,False,heart,0.1668,,,804.95,660.47,1.2188,470.02,660.47,515.93,0.7117,0.7812,515.93,0.7812,160.5,0.1994,357.0,0.4435,422.07,167.51,0.639,0.2536,354.68,0.537,0.6875,0.911,1.3252,0.7812,0.537,0.4525,212.4,0.2639,282.03,53.08,0.427,7.5,0.2999,0.1934,0.8482,134.81,0.1347,0.4162,144.53,0.2536,0.0167,0.0882,0.6604,0.0616,0.023,0.1668,0.716,good,True,0.905,0.4325,0.0114,0.0454
sampleimg/Oval/oval (985).jpg,Oval,oval,heart,하트형,False,0.4328,medium,0.0971,False,oval,0.3357,,,800.44,657.55,1.2173,493.85,657.55,497.06,0.751,0.7559,497.06,0.7559,193.0,0.2411,315.0,0.3935,451.36,169.01,0.6864,0.257,349.0,0.5308,0.7021,0.9935,1.415,0.7559,0.5308,0.553,239.03,0.2986,246.0,2.24,0.3741,74.5,0.3274,0.267,0.885,139.56,0.1246,0.376,144.97,0.257,0.2144,0.0061,0.3357,0.2242,0.0012,0.4328,0.2965,low,False,0.0558,0.6575,0.1133,0.0274
sampleimg/Oval/oval (76).jpg,Oval,oval,oval,계란형 또는 일반형,True,0.4569,medium,0.0949,False,heart,0.362,,,240.01,198.82,1.2072,143.89,198.82,152.33,0.7237,0.7662,152.33,0.7662,46.0,0.1917,108.0,0.45,131.38,48.17,0.6608,0.2423,106.12,0.5337,0.6966,0.9446,1.356,0.7662,0.5337,0.4335,62.03,0.2585,72.44,1.0,0.3644,29.0,0.3002,0.2677,0.8748,132.76,0.1317,0.4125,149.91,0.2423,0.2716,0.1175,0.4569,0.029,0.0345,0.362,0.1485,low,False,0.0,0.3713,0.1459,0.0503
sampleimg/Oval/oval (529).jpg,Oval,oval,oval,계란형 또는 일반형,True,0.4772,medium,0.081,False,round,0.3962,,,135.01,119.0,1.1345,89.01,119.0,88.01,0.7479,0.7395,88.01,0.7395,29.5,0.2185,50.0,0.3703,74.01,25.0,0.6219,0.2101,60.01,0.5043,0.6819,1.0114,1.4832,0.7395,0.5043,0.4916,41.0,0.3037,40.0,0.0,0.3361,1.5,0.3259,0.3428,0.8908,140.09,0.1104,0.4148,146.61,0.2101,0.0252,0.3962,0.4772,0.0036,0.0096,0.1135,0.895,good,True,0.895,0.895,0.0126,0.0084
sampleimg/Oval/oval (468).jpg,Oval,oval,oval,계란형 또는 일반형,True,0.4073,medium,0.0937,False,heart,0.3137,,,259.01,209.12,1.2386,155.0,209.12,163.37,0.7412,0.7812,163.37,0.7812,57.5,0.222,105.0,0.4054,135.13,51.16,0.6462,0.2446,111.54,0.5334,0.6828,0.9488,1.3896,0.7812,0.5334,0.5155,72.69,0.2807,76.06,4.0,0.3637,45.5,0.3054,0.1945,0.8752,134.46,0.1266,0.4286,153.43,0.2446,0.3395,0.0086,0.4073,0.2334,0.0371,0.3137,0.2565,low,False,0.0,0.6412,0.2176,0.0287
sampleimg/Oval/oval (172).jpg,Oval,oval,square,사각형,False,0.5294,high,0.2978,False,round,0.2316,,,135.18,113.04,1.1959,84.1,113.04,92.01,0.7439,0.8139,92.01,0.8139,30.5,0.2256,54.0,0.3995,73.06,27.02,0.6463,0.239,63.03,0.5576,0.6851,0.914,1.3342,0.8139,0.5576,0.4839,37.22,0.2753,46.01,3.0,0.407,21.5,0.3034,0.2196,0.8769,143.3,0.1193,0.4143,138.47,0.239,0.3096,0.2316,0.1147,0.0404,0.5294,0.0838,0.2675,low,False,0.0,0.6687,0.1902,0.0265
sampleimg/Oval/oval (13).jpg,Oval,oval,oval,계란형 또는 일반형,True,0.405,high,0.1543,False,heart,0.2507,,,232.86,192.84,1.2075,140.51,192.84,150.65,0.7286,0.7812,150.65,0.7812,52.0,0.2233,94.0,0.4037,126.48,47.38,0.6559,0.2457,103.48,0.5366,0.6869,0.9327,1.3578,0.7812,0.5366,0.5025,66.37,0.285,81.5,9.22,0.4226,9.0,0.3149,0.2257,0.8695,138.93,0.1092,0.4466,150.95,0.2457,0.0207,0.1496,0.405,0.1532,0.0414,0.2507,0.4815,warning,True,0.6108,0.2875,0.0467,0.057
sampleimg/Oval/oval (593).jpg,Oval,oval,heart,하트형,False,0.4755,high,0.2799,False,round,0.1956,,,87.0,75.03,1.1596,56.01,75.03,60.03,0.7465,0.8002,60.03,0.8002,23.0,0.2644,35.0,0.4023,48.01,19.0,0.6399,0.2532,43.01,0.5733,0.7165,0.933,1.3022,0.8002,0.5733,0.5347,26.02,0.2991,31.02,0.0,0.4134,6.5,0.3218,0.2221,0.8798,145.05,0.117,0.3563,137.29,0.2532,0.1466,0.1956,0.1427,0.1031,0.0831,0.4755,0.5005,warning,True,0.2783,0.8337,0.0866,0.0133
sampleimg/Oval/oval (792).jpg,Oval,oval,oval,계란형 또는 일반형,True,0.2946,low,0.0036,True,round,0.291,,,250.34,214.28,1.1683,156.2,214.28,172.24,0.729,0.8038,172.24,0.8038,60.5,0.2417,98.0,0.3915,135.13,54.04,0.6306,0.2522,118.21,0.5516,0.6863,0.9069,1.3214,0.8038,0.5516,0.5118,75.06,0.2998,84.21,0.0,0.393,0.0,0.32,0.2396,0.8597,137.98,0.1309,0.3635,142.27,0.2522,0.028,0.291,0.2946,0.0508,0.1782,0.1853,0.86,good,True,1.0,0.65,0.0,0.028
sampleimg/Oval/oval (354).jpg,Oval,oval,heart,하트형,False,0.3298,low,0.0189,True,round,0.3108,,,407.28,360.03,1.1312,275.03,360.03,281.0,0.7639,0.7805,281.0,0.7805,103.5,0.2541,159.0,0.3904,234.0,87.01,0.6499,0.2417,202.0,0.5611,0.7189,0.9787,1.3615,0.7805,0.5611,0.5124,122.0,0.2996,127.04,1.0,0.3528,15.0,0.3217,0.2992,0.9,142.62,0.1105,0.383,142.86,0.2417,0.0889,0.3108,0.1431,0.0159,0.2004,0.3298,0.7915,good,True,0.6525,1.0,0.0417,0.0
sampleimg/Oval/oval (324).jpg,Oval,oval,oval,계란형 또는 일반형,True,0.6297,high,0.4384,False,heart,0.1913,,,346.55,293.1,1.1824,216.57,293.1,222.41,0.7389,0.7588,222.41,0.7588,71.5,0.2063,140.0,0.404,184.44,71.45,0.6293,0.2438,152.84,0.5215,0.6872,0.9737,1.417,0.7588,0.5215,0.4678,96.52,0.2785,99.72,0.0,0.3402,6.5,0.3107,0.3064,0.8802,136.47,0.1354,0.3722,142.63,0.2438,0.1126,0.1299,0.6297,0.0191,0.03,0.1913,0.4965,warning,True,0.815,0.0188,0.0222,0.0785
sampleimg/Oval/oval (543).jpg,Oval,oval,long,긴형,False,0.8591,high,0.7633,False,heart,0.0958,,,204.3,163.03,1.2531,120.07,163.03,129.02,0.7365,0.7914,129.02,0.7914,54.0,0.2643,82.0,0.4014,110.0,41.05,0.6748,0.2518,91.02,0.5583,0.7055,0.9306,1.3191,0.7914,0.5583,0.5933,60.07,0.2941,75.03,13.04,0.4602,20.5,0.3182,0.1667,0.8652,149.04,0.113,0.3769,135.0,0.2518,0.2147,0.0009,0.044,0.8591,0.0002,0.0958,0.3695,low,False,0.0,0.9237,0.1257,0.0061
sampleimg/Oval/oval (234).jpg,Oval,oval,round,둥근형,False,0.4694,medium,0.0664,False,square,0.4029,,,286.79,248.94,1.1521,174.8,248.94,204.41,0.7022,0.8211,204.41,0.8211,71.0,0.2476,111.0,0.387,156.16,61.29,0.6273,0.2462,139.81,0.5616,0.6839,0.8551,1.2503,0.8211,0.5616,0.5078,85.21,0.2971,111.29,0.0,0.4471,9.5,0.3154,0.1853,0.8391,136.24,0.1164,0.4219,149.71,0.2462,0.1245,0.4694,0.0826,0.0211,0.4029,0.024,0.4275,warning,True,0.6817,0.0462,0.0382,0.0763
sampleimg/Oval/oval (29).jpg,Oval,oval,round,둥근형,False,0.4272,medium,0.088,False,oval,0.3392,,,721.31,623.89,1.1561,438.42,623.89,497.86,0.7027,0.798,497.86,0.798,168.5,0.2336,308.0,0.427,391.15,153.83,0.627,0.2466,345.98,0.5545,0.6949,0.8806,1.2672,0.798,0.5545,0.487,200.25,0.2776,263.01,1.0,0.4216,29.5,0.3046,0.1741,0.8378,137.85,0.1078,0.4423,149.14,0.2466,0.1266,0.4272,0.3392,0.0274,0.0797,0.1265,0.435,warning,True,0.6058,0.1788,0.0473,0.0657
sampleimg/Oval/oval (830).jpg,Oval,oval,square,사각형,False,0.6722,high,0.5205,False,oval,0.1517,,,131.24,111.36,1.1785,78.1,111.36,89.45,0.7013,0.8033,89.45,0.8033,26.5,0.2019,58.0,0.4419,68.26,24.19,0.613,0.2172,61.4,0.5513,0.6864,0.8731,1.272,0.8033,0.5513,0.4316,33.54,0.2556,47.17,7.28,0.4236,17.5,0.2836,0.1791,0.8458,130.24,0.1204,0.4648,158.2,0.2172,0.2065,0.1275,0.1517,0.0078,0.6722,0.0409,0.1305,low,False,0.0,0.3262,0.1571,0.0539
sampleimg/Oval/oval (865).jpg,Oval,oval,heart,하트형,False,0.4767,high,0.1935,False,oval,0.2831,,,297.49,245.59,1.2113,184.33,245.59,193.51,0.7506,0.7879,193.51,0.7879,70.0,0.2353,117.0,0.3933,161.31,57.08,0.6568,0.2324,132.46,0.5393,0.6845,0.9526,1.3916,0.7879,0.5393,0.5285,85.21,0.2864,119.34,14.04,0.4859,11.5,0.303,0.2583,0.8892,141.31,0.1292,0.3698,138.49,0.2324,0.0448,0.0247,0.2831,0.1609,0.0547,0.4767,0.5625,warning,True,0.61,0.4912,0.0468,0.0407
sampleimg/Oval/oval (486).jpg,Oval,oval,oval,계란형 또는 일반형,True,0.463,high,0.163,False,heart,0.3,,,243.09,204.71,1.1875,142.59,204.71,163.6,0.6966,0.7992,163.6,0.7992,60.0,0.2468,102.0,0.4196,128.25,49.16,0.6265,0.2402,111.29,0.5436,0.6802,0.8716,1.2813,0.7992,0.5436,0.5391,66.19,0.2723,98.33,16.28,0.4803,1.0,0.2931,0.1294,0.8337,139.19,0.1098,0.4196,148.06,0.2402,0.0586,0.0404,0.463,0.179,0.0176,0.3,0.78,good,True,0.9592,0.5112,0.0049,0.0391
sampleimg/Oval/oval (807).jpg,Oval,oval,round,둥근형,False,0.422,low,0.0179,True,oval,0.4041,,,138.0,116.0,1.1896,80.01,116.0,93.01,0.6897,0.8017,93.01,0.8017,29.5,0.2138,58.0,0.4203,71.03,28.07,0.6123,0.242,63.0,0.5431,0.6774,0.8602,1.2699,0.8017,0.5431,0.4683,38.01,0.2755,40.11,0.0,0.3458,6.0,0.3116,0.2618,0.8277,134.27,0.1323,0.413,146.61,0.242,0.0862,0.422,0.4041,0.0481,0.0639,0.0619,0.6555,warning,True,0.5692,0.785,0.0517,0.0172
sampleimg/Oval/oval (610).jpg,Oval,oval,long,긴형,False,0.3744,low,0.0408,True,oval,0.3336,,,184.46,152.21,1.2119,110.22,152.21,119.07,0.7241,0.7823,119.07,0.7823,45.0,0.244,78.0,0.4229,97.19,37.01,0.6385,0.2432,85.02,0.5586,0.7141,0.9257,1.2964,0.7823,0.5586,0.5293,52.0,0.2819,56.14,9.06,0.3688,12.0,0.3092,0.278,0.8561,137.76,0.1344,0.3686,143.71,0.2432,0.1577,0.0077,0.3336,0.3744,0.0097,0.2745,0.409,warning,True,0.3433,0.5075,0.0788,0.0394
sampleimg/Oval/oval (848).jpg,Oval,oval,square,사각형,False,0.5123,medium,0.1405,False,round,0.3718,,,198.16,170.19,1.1644,125.1,170.19,134.18,0.7351,0.7884,134.18,0.7884,39.5,0.1993,82.0,0.4138,109.11,39.05,0.6411,0.2295,93.19,0.5476,0.6945,0.9323,1.3424,0.7884,0.5476,0.4238,54.08,0.2729,62.01,0.0,0.3644,7.0,0.308,0.3161,0.8762,134.41,0.1304,0.4138,145.68,0.2295,0.047,0.3718,0.0899,0.0023,0.5123,0.0238,0.6475,warning,True,0.6575,0.6325,0.0411,0.0294
sampleimg/Oval/oval (707).jpg,Oval,oval,round,둥근형,False,0.7719,high,0.6506,False,oval,0.1213,,,141.17,128.14,1.1017,96.13,128.14,98.13,0.7502,0.7658,98.13,0.7658,33.5,0.2373,51.0,0.3613,85.09,35.06,0.6641,0.2736,67.12,0.5238,0.684,0.9796,1.4322,0.7658,0.5238,0.4991,43.05,0.3049,41.05,0.0,0.3203,4.0,0.3332,0.3423,0.8905,140.36,0.121,0.3542,141.95,0.2736,0.0312,0.7719,0.1213,0.001,0.0357,0.0701,0.688,warning,True,0.74,0.61,0.0312,0.0312
sampleimg/Oval/oval (62).jpg,Oval,oval,round,둥근형,False,0.4393,low,0.0073,True,oval,0.4321,,,279.04,237.02,1.1773,165.05,237.02,188.0,0.6964,0.7932,188.0,0.7932,58.5,0.2096,106.0,0.3799,153.0,57.0,0.6455,0.2405,124.0,0.5232,0.6596,0.8779,1.331,0.7932,0.5232,0.4718,83.1,0.2978,118.04,10.0,0.498,19.5,0.319,0.1917,0.8271,132.3,0.1298,0.4085,150.85,0.2405,0.1308,0.4393,0.4321,0.0139,0.1032,0.0114,0.5675,warning,True,0.3142,0.9475,0.0823,0.0042
sampleimg/Oval/oval (998).jpg,Oval,oval,oval,계란형 또는 일반형,True,0.4019,low,0.0273,True,heart,0.3745,,,223.14,188.1,1.1863,141.09,188.1,144.06,0.7501,0.7659,144.06,0.7659,53.0,0.2375,86.0,0.3854,118.07,48.01,0.6277,0.2552,101.04,0.5372,0.7014,0.9794,1.3963,0.7659,0.5372,0.5245,68.03,0.3049,69.18,0.0,0.3678,1.0,0.3273,0.1912,0.8882,140.9,0.124,0.3764,141.84,0.2552,0.0106,0.0894,0.4019,0.1167,0.0176,0.3745,0.867,good,True,0.9558,0.7338,0.0053,0.0213
sampleimg/Oval/oval (5).jpg,Oval,oval,oval,계란형 또는 일반형,True,0.6134,high,0.4299,False,long,0.1834,,,223.65,186.39,1.1999,131.31,186.39,145.28,0.7045,0.7794,145.28,0.7794,51.5,0.2303,94.0,0.4203,116.21,44.01,0.6235,0.2361,101.18,0.5428,0.6964,0.9038,1.2978,0.7794,0.5428,0.509,63.2,0.2826,67.07,0.0,0.3598,2.0,0.3093,0.2603,0.8387,138.23,0.1334,0.3756,141.34,0.2361,0.0322,0.0413,0.6134,0.1834,0.0067,0.1552,0.7585,good,True,0.9108,0.53,0.0107,0.0376
sampleimg/Oval/oval (849).jpg,Oval,oval,heart,하트형,False,0.5344,high,0.2956,False,oval,0.2388,,,55.04,45.04,1.2218,32.06,45.04,36.01,0.7118,0.7995,36.01,0.7995,11.5,0.209,24.0,0.4361,29.02,11.0,0.6442,0.2442,24.02,0.5333,0.667,0.8903,1.3348,0.7995,0.5333,0.4788,14.04,0.255,16.03,3.0,0.3559,0.5,0.2913,0.2941,0.8669,135.47,0.1209,0.4361,148.57,0.2442,0.0222,0.1004,0.2388,0.0732,0.0532,0.5344,0.8335,good,True,0.9075,0.7225,0.0111,0.0222
sampleimg/Oval/oval (769).jpg,Oval,oval,heart,하트형,False,0.411,medium,0.0907,False,oval,0.3204,,,595.13,485.69,1.2254,355.63,485.69,377.57,0.7322,0.7774,377.57,0.7774,142.0,0.2386,251.0,0.4218,319.61,121.81,0.6581,0.2508,261.96,0.5394,0.6938,0.9419,1.3576,0.7774,0.5394,0.5421,163.92,0.2754,238.21,41.19,0.4905,43.5,0.298,0.1557,0.865,140.11,0.1065,0.4436,151.17,0.2508,0.0762,0.0045,0.3204,0.2598,0.0043,0.411,0.2225,low,False,0.2533,0.1763,0.0896,0.0659
sampleimg/Oval/oval (962).jpg,Oval,oval,oval,계란형 또는 일반형,True,0.4048,medium,0.0609,False,square,0.3439,,,215.13,170.3,1.2632,122.05,170.3,136.94,0.7167,0.8041,136.94,0.8041,39.0,0.1813,98.0,0.4555,112.75,40.31,0.6621,0.2367,92.66,0.5441,0.6766,0.8913,1.3173,0.8041,0.5441,0.4209,52.15,0.2424,81.5,16.03,0.4786,3.5,0.2849,0.1573,0.8521,131.68,0.1173,0.5113,155.81,0.2367,0.0881,0.0799,0.4048,0.0836,0.3439,0.0877,0.5155,warning,True,0.8283,0.0462,0.0206,0.0763
sampleimg/Oval/oval (111).jpg,Oval,oval,oval,계란형 또는 일반형,True,0.3729,medium,0.0755,False,heart,0.2974,,,128.39,107.23,1.1973,78.23,107.23,84.1,0.7296,0.7843,84.1,0.7843,27.0,0.2103,57.0,0.444,69.12,26.02,0.6446,0.2427,59.08,0.5509,0.7025,0.9303,1.3242,0.7843,0.5509,0.457,33.06,0.2575,38.12,6.0,0.3555,3.5,0.2969,0.2387,0.8691,138.65,0.1105,0.4517,148.63,0.2427,0.1026,0.1858,0.3729,0.0478,0.0961,0.2974,0.6505,warning,True,0.7283,0.5337,0.0326,0.0373
sampleimg/Oval/oval (504).jpg,Oval,oval,oval,계란형 또는 일반형,True,0.3681,high,0.1524,False,heart,0.2158,,,175.0,150.01,1.1666,106.0,150.01,119.02,0.7066,0.7934,119.02,0.7934,38.0,0.2171,81.0,0.4629,95.01,36.0,0.6333,0.24,85.02,0.5668,0.7144,0.8907,1.2468,0.7934,0.5668,0.4469,43.01,0.2458,53.04,5.0,0.3536,2.0,0.2858,0.263,0.8466,137.72,0.1192,0.4171,146.53,0.24,0.0133,0.2137,0.3681,0.0308,0.1715,0.2158,0.9,good,True,0.8892,0.9163,0.0133,0.0067
sampleimg/Oval/oval (608).jpg,Oval,oval,oval,계란형 또는 일반형,True,0.5213,high,0.2887,False,round,0.2326,,,128.19,108.17,1.1851,76.11,108.17,86.15,0.7036,0.7964,86.15,0.7964,27.5,0.2145,55.0,0.429,70.11,26.08,0.6482,0.2411,60.07,0.5554,0.6974,0.8835,1.2668,0.7964,0.5554,0.4578,35.06,0.2735,42.01,3.0,0.3884,1.0,0.3046,0.2448,0.8333,135.2,0.1342,0.3978,144.46,0.2411,0.0185,0.2326,0.5213,0.048,0.1405,0.0576,0.769,good,True,0.9233,0.5375,0.0092,0.037
sampleimg/Oval/oval (254).jpg,Oval,oval,long,긴형,False,0.5684,high,0.2536,False,oval,0.3147,,,300.01,237.05,1.2656,175.01,237.05,182.13,0.7383,0.7683,182.13,0.7683,65.5,0.2183,122.0,0.4067,156.08,60.03,0.6584,0.2532,127.14,0.5363,0.6981,0.9609,1.3765,0.7683,0.5363,0.5152,85.15,0.2838,111.0,18.0,0.4683,18.5,0.3102,0.1877,0.8733,136.68,0.1264,0.43,148.71,0.2532,0.1139,0.0031,0.3147,0.5684,0.0064,0.1074,0.5045,warning,True,0.35,0.7363,0.078,0.0211
sampleimg/Oval/oval (493).jpg,Oval,oval,oval,계란형 또는 일반형,True,0.4075,high,0.1627,False,heart,0.2448,,,148.03,124.06,1.1932,94.02,124.06,96.13,0.7578,0.7748,96.13,0.7748,33.5,0.2263,56.0,0.3783,80.06,30.07,0.6453,0.2423,66.19,0.5335,0.6885,0.9781,1.4205,0.7748,0.5335,0.5061,44.1,0.2979,44.1,0.0,0.3555,12.0,0.3178,0.3589,0.8948,142.8,0.1206,0.3918,138.72,0.2423,0.1451,0.1848,0.4075,0.0791,0.0837,0.2448,0.3955,low,False,0.1942,0.6975,0.0967,0.0242
sampleimg/Oval/oval (640).jpg,Oval,oval,oval,계란형 또는 일반형,True,0.3693,medium,0.053,False,heart,0.3163,,,219.08,180.14,1.2162,131.06,180.14,141.23,0.7276,0.784,141.23,0.784,52.0,0.2374,93.0,0.4245,119.04,46.04,0.6608,0.2556,99.18,0.5506,0.7023,0.928,1.3214,0.784,0.5506,0.5243,59.21,0.2703,78.01,13.04,0.433,14.0,0.297,0.1777,0.8611,139.5,0.1137,0.4199,148.06,0.2556,0.0999,0.0112,0.3693,0.2852,0.0181,0.3163,0.528,warning,True,0.3525,0.7913,0.0777,0.0167
sampleimg/Oval/oval (568).jpg,Oval,oval,oval,계란형 또는 일반형,True,0.4337,high,0.1515,False,heart,0.2821,,,189.68,158.38,1.1976,111.45,158.38,126.19,0.7037,0.7968,126.19,0.7968,44.5,0.2346,85.0,0.4481,102.18,39.05,0.6451,0.2466,90.09,0.5688,0.7139,0.8832,1.2371,0.7968,0.5688,0.494,52.01,0.2742,62.13,7.0,0.3923,11.0,0.3062,0.2193,0.8363,135.21,0.1369,0.3691,144.38,0.2466,0.1515,0.0471,0.4337,0.2076,0.0295,0.2821,0.463,warning,True,0.4208,0.5262,0.0695,0.0379
sampleimg/Oval/oval (776).jpg,Oval,oval,oval,계란형 또는 일반형,True,0.4555,medium,0.052,False,long,0.4034,,,200.04,165.01,1.2123,114.02,165.01,131.0,0.691,0.7939,131.0,0.7939,48.5,0.2425,84.0,0.4199,108.0,41.01,0.6545,0.2485,90.01,0.5454,0.687,0.8703,1.2668,0.7939,0.5454,0.5389,54.04,0.2701,80.02,13.04,0.485,14.5,0.2949,0.1888,0.8243,137.91,0.1261,0.3849,146.31,0.2485,0.1515,0.0083,0.4555,0.4034,0.0069,0.1258,0.5605,warning,True,0.2675,1.0,0.0879,0.0
sampleimg/Oval/oval (544).jpg,Oval,oval,round,둥근형,False,0.4721,low,0.0432,True,oval,0.4289,,,129.14,114.16,1.1312,84.15,114.16,85.15,0.7371,0.7459,85.15,0.7459,28.5,0.2207,48.0,0.3717,76.16,31.02,0.6672,0.2717,57.08,0.5,0.6704,0.9883,1.4743,0.7459,0.5,0.4993,38.05,0.2947,33.02,0.0,0.2892,1.0,0.3256,0.3388,0.8776,141.95,0.1104,0.3794,142.91,0.2717,0.0175,0.4721,0.4289,0.0026,0.0034,0.0929,0.737,good,True,0.9267,0.4525,0.0088,0.0438
sampleimg/Oval/oval (744).jpg,Oval,oval,long,긴형,False,0.6175,high,0.3426,False,oval,0.2749,,,223.32,180.14,1.2397,127.19,180.14,142.03,0.7061,0.7885,142.03,0.7885,50.5,0.2261,89.0,0.3985,118.15,42.19,0.6559,0.2342,98.01,0.5441,0.69,0.8955,1.2978,0.7885,0.5441,0.5153,66.01,0.2956,64.0,0.0,0.3553,19.0,0.3269,0.2429,0.845,135.81,0.137,0.3806,146.65,0.2342,0.1998,0.0318,0.2749,0.6175,0.0102,0.0657,0.306,low,False,0.1208,0.5837,0.1055,0.0333
sampleimg/Oval/oval (729).jpg,Oval,oval,heart,하트형,False,0.346,low,0.0402,True,oval,0.3058,,,301.73,262.43,1.1498,195.37,262.43,205.24,0.7445,0.7821,205.24,0.7821,73.0,0.2419,118.0,0.3911,174.23,66.12,0.6639,0.252,143.09,0.5452,0.6972,0.9519,1.3654,0.7821,0.5452,0.5102,87.05,0.2885,95.08,0.0,0.3623,11.0,0.3153,0.2531,0.8821,138.76,0.1272,0.3612,143.13,0.252,0.1067,0.1872,0.3058,0.0263,0.1347,0.346,0.619,warning,True,0.6508,0.5713,0.0419,0.0343
sampleimg/Oval/oval (367).jpg,Oval,oval,oval,계란형 또는 일반형,True,0.5178,high,0.3744,False,square,0.1434,,,1220.1,1010.26,1.2077,742.04,1010.26,786.43,0.7345,0.7784,786.43,0.7784,257.0,0.2106,487.0,0.3991,658.17,240.3,0.6515,0.2379,539.49,0.534,0.686,0.9436,1.3755,0.7784,0.534,0.4764,343.7,0.2817,349.46,1.0,0.3459,86.0,0.3108,0.3148,0.8711,136.43,0.12,0.4278,150.71,0.2379,0.1267,0.1429,0.5178,0.0803,0.1434,0.1157,0.5005,warning,True,0.2908,0.815,0.0851,0.0148
sampleimg/Oval/oval (248).jpg,Oval,oval,oval,계란형 또는 일반형,True,0.4276,high,0.1945,False,heart,0.2331,,,214.02,178.0,1.2023,137.01,178.0,136.0,0.7697,0.7641,136.0,0.7641,48.5,0.2266,83.0,0.3878,116.0,46.1,0.6517,0.259,97.01,0.545,0.7133,1.0074,1.4124,0.7641,0.545,0.5,62.0,0.2897,60.0,10.0,0.3371,3.0,0.3131,0.2209,0.9045,140.69,0.1177,0.4112,144.38,0.259,0.0337,0.0497,0.4276,0.1359,0.1538,0.2331,0.8875,good,True,0.8592,0.93,0.0169,0.0056
sampleimg/Oval/oval (452).jpg,Oval,oval,oval,계란형 또는 일반형,True,0.4336,high,0.2765,False,long,0.157,,,296.0,251.0,1.1793,178.0,251.0,201.02,0.7092,0.8009,201.02,0.8009,71.5,0.2416,123.0,0.4155,160.0,60.07,0.6375,0.2393,141.01,0.5618,0.7015,0.8855,1.2623,0.8009,0.5618,0.507,83.05,0.2806,86.02,0.0,0.3427,17.5,0.3075,0.3087,0.8406,137.35,0.1239,0.3885,147.29,0.2393,0.1155,0.121,0.4336,0.157,0.1337,0.1547,0.6315,warning,True,0.4192,0.95,0.0697,0.004
sampleimg/Oval/oval (822).jpg,Oval,oval,oval,계란형 또는 일반형,True,0.4,medium,0.1445,False,square,0.2555,,,445.07,366.02,1.216,263.02,366.02,292.01,0.7186,0.7978,292.01,0.7978,90.0,0.2022,205.0,0.4606,236.02,87.01,0.6448,0.2377,204.01,0.5574,0.6986,0.9007,1.2892,0.7978,0.5574,0.4412,110.07,0.2473,152.01,36.01,0.4153,22.0,0.2854,0.163,0.8552,132.08,0.131,0.4359,150.45,0.2377,0.0984,0.0554,0.4,0.0529,0.2555,0.2363,0.6585,warning,True,0.4992,0.8975,0.0601,0.0082
sampleimg/Oval/oval (481).jpg,Oval,oval,oval,계란형 또는 일반형,True,0.4221,medium,0.0513,False,round,0.3708,,,120.2,105.17,1.1429,76.11,105.17,82.15,0.7236,0.7811,82.15,0.7811,25.5,0.2121,50.0,0.416,67.12,23.02,0.6382,0.2189,56.14,0.5338,0.6834,0.9264,1.3556,0.7811,0.5338,0.4542,32.06,0.2667,37.01,0.0,0.3519,3.5,0.3,0.2787,0.8571,136.46,0.1288,0.391,143.62,0.2189,0.0285,0.3708,0.4221,0.0035,0.1135,0.0901,0.6435,warning,True,0.7225,0.525,0.0333,0.038
sampleimg/Oval/oval (539).jpg,Oval,oval,oval,계란형 또는 일반형,True,0.3676,high,0.1572,False,heart,0.2103,,,439.56,373.84,1.1758,267.27,373.84,299.51,0.7149,0.8012,299.51,0.8012,102.0,0.2321,182.0,0.4141,241.3,91.66,0.6455,0.2452,207.07,0.5539,0.6914,0.8924,1.2907,0.8012,0.5539,0.4926,122.33,0.2783,149.63,1.0,0.4002,3.0,0.3059,0.2069,0.852,138.45,0.1364,0.3526,140.11,0.2452,0.0321,0.2083,0.3676,0.0743,0.1395,0.2103,0.6255,warning,True,0.9333,0.1637,0.008,0.0669
sampleimg/Oval/oval (787).jpg,Oval,oval,heart,하트형,False,0.3862,low,0.0191,True,oval,0.3671,,,255.28,207.29,1.2315,143.09,207.29,165.37,0.6903,0.7977,165.37,0.7977,57.5,0.2252,115.0,0.4505,130.19,52.09,0.628,0.2513,111.36,0.5372,0.6734,0.8653,1.2849,0.7977,0.5372,0.5163,65.62,0.257,97.08,18.0,0.4683,23.5,0.2869,0.1563,0.8304,140.44,0.1346,0.3917,137.6,0.2513,0.1399,0.0106,0.3671,0.2346,0.0015,0.3862,0.264,low,False,0.055,0.5775,0.1134,0.0338
sampleimg/Oval/oval (853).jpg,Oval,oval,oval,계란형 또는 일반형,True,0.5111,high,0.2213,False,heart,0.2898,,,542.41,454.09,1.1945,338.12,454.09,346.01,0.7446,0.762,346.01,0.762,112.0,0.2065,214.0,0.3945,293.08,107.0,0.6454,0.2356,232.0,0.5109,0.6705,0.9772,1.4574,0.762,0.5109,0.4828,157.01,0.2895,211.01,28.02,0.4647,30.0,0.3172,0.2052,0.8878,135.59,0.1217,0.4222,148.72,0.2356,0.1233,0.1588,0.5111,0.0183,0.0219,0.2898,0.5925,warning,True,0.4492,0.8075,0.0661,0.0154
sampleimg/Oval/oval (567).jpg,Oval,oval,heart,하트형,False,0.362,low,0.0322,True,oval,0.3298,,,203.77,169.06,1.2053,119.05,169.06,136.89,0.7042,0.8098,136.89,0.8098,43.0,0.211,99.0,0.4858,106.1,41.77,0.6276,0.2471,98.27,0.5813,0.7179,0.8697,1.2115,0.8098,0.5813,0.4376,48.27,0.2369,81.02,27.46,0.4793,13.0,0.2753,0.1542,0.8423,138.42,0.1624,0.3484,132.37,0.2471,0.0237,0.036,0.3298,0.1229,0.1493,0.362,0.2155,low,False,0.3592,0.0,0.0769,0.1242
sampleimg/Oval/oval (727).jpg,Oval,oval,heart,하트형,False,0.4565,medium,0.0583,False,oval,0.3982,,,110.11,94.01,1.1714,70.03,94.01,74.03,0.7449,0.7875,74.03,0.7875,29.0,0.2634,40.0,0.3633,62.01,26.0,0.6596,0.2766,50.04,0.5323,0.676,0.946,1.3995,0.7875,0.5323,0.5795,34.01,0.3089,39.05,1.0,0.4154,9.0,0.3179,0.2579,0.8724,138.08,0.1288,0.3542,145.01,0.2766,0.1702,0.0186,0.3982,0.0957,0.031,0.4565,0.4685,warning,True,0.2025,0.8675,0.0957,0.0106
sampleimg/Oval/oval (305).jpg,Oval,oval,oval,계란형 또는 일반형,True,0.415,high,0.1584,False,long,0.2566,,,591.05,480.01,1.2313,335.07,480.01,389.05,0.6981,0.8105,389.05,0.8105,127.0,0.2149,262.0,0.4433,310.0,121.07,0.6458,0.2522,268.12,0.5586,0.6892,0.8613,1.2497,0.8105,0.5586,0.4737,155.21,0.2626,226.02,25.0,0.4709,44.0,0.2927,0.1663,0.8334,132.66,0.1342,0.4179,150.14,0.2522,0.15,0.0411,0.415,0.2566,0.1552,0.1321,0.531,warning,True,0.2358,0.9738,0.0917,0.0021
sampleimg/Oval/oval (920).jpg,Oval,oval,oval,계란형 또는 일반형,True,0.486,medium,0.0848,False,heart,0.4012,,,637.02,533.02,1.1951,400.01,533.02,401.0,0.7505,0.7523,401.0,0.7523,141.0,0.2213,254.0,0.3987,346.04,133.14,0.6492,0.2498,277.0,0.5197,0.6908,0.9975,1.4441,0.7523,0.5197,0.509,185.02,0.2905,200.01,39.01,0.3752,7.5,0.3171,0.172,0.8912,140.8,0.1119,0.416,145.54,0.2498,0.0169,0.0592,0.486,0.0484,0.0052,0.4012,0.8825,good,True,0.8825,0.8825,0.0141,0.0094
sampleimg/Oval/oval (477).jpg,Oval,oval,long,긴형,False,0.7224,high,0.5797,False,heart,0.1427,,,239.21,192.13,1.2451,137.23,192.13,150.01,0.7143,0.7808,150.01,0.7808,58.0,0.2425,101.0,0.4222,127.14,46.04,0.6618,0.2397,106.0,0.5517,0.7066,0.9148,1.2947,0.7808,0.5517,0.5472,66.07,0.2762,70.06,0.0,0.3647,25.0,0.3052,0.288,0.8546,138.64,0.132,0.3721,145.55,0.2397,0.229,0.0011,0.1325,0.7224,0.0014,0.1427,0.244,low,False,0.0,0.61,0.1301,0.0312
sampleimg/Oval/oval (74).jpg,Oval,oval,oval,계란형 또는 일반형,True,0.5071,medium,0.1388,False,heart,0.3683,,,279.03,231.0,1.2079,167.05,231.0,178.0,0.7231,0.7706,178.0,0.7706,62.0,0.2222,118.0,0.4229,149.0,57.01,0.645,0.2468,122.0,0.5282,0.6854,0.9385,1.3692,0.7706,0.5282,0.5082,77.1,0.2763,107.0,12.0,0.4632,22.5,0.3046,0.2225,0.8616,138.34,0.116,0.4157,148.2,0.2468,0.1602,0.0312,0.5071,0.0886,0.0048,0.3683,0.513,warning,True,0.1883,1.0,0.0974,0.0
sampleimg/Oval/oval (333).jpg,Oval,oval,heart,하트형,False,0.427,medium,0.1036,False,oval,0.3234,,,224.02,182.0,1.2309,136.01,182.0,140.01,0.7473,0.7693,140.01,0.7693,49.0,0.2187,94.0,0.4196,116.0,44.0,0.6374,0.2418,98.05,0.5387,0.7003,0.9714,1.3873,0.7693,0.5387,0.4998,61.03,0.2724,69.03,7.0,0.3793,16.0,0.3035,0.2426,0.8902,142.7,0.1177,0.4196,140.66,0.2418,0.1538,0.0259,0.3234,0.2123,0.0114,0.427,0.5605,warning,True,0.2675,1.0,0.0879,0.0
sampleimg/Oval/oval (115).jpg,Oval,oval,oval,계란형 또는 일반형,True,0.365,medium,0.0569,False,square,0.3081,,,389.42,325.22,1.1974,234.26,325.22,258.0,0.7203,0.7933,258.0,0.7933,88.5,0.2273,156.0,0.4006,215.28,83.15,0.662,0.2557,181.01,0.5566,0.7016,0.908,1.2942,0.7933,0.5566,0.4889,112.07,0.2878,120.04,15.0,0.3691,37.5,0.3159,0.2089,0.8557,132.83,0.1419,0.3775,148.98,0.2557,0.206,0.0789,0.365,0.1601,0.3081,0.088,0.2545,low,False,0.0392,0.5775,0.1153,0.0338
sampleimg/Oval/oval (461).jpg,Oval,oval,oval,계란형 또는 일반형,True,0.4275,low,0.014,True,heart,0.4135,,,468.78,377.46,1.2419,283.83,377.46,282.11,0.752,0.7474,282.11,0.7474,96.5,0.2059,200.0,0.4266,244.28,99.13,0.6472,0.2626,199.49,0.5285,0.7071,1.0061,1.4228,0.7474,0.5285,0.4837,126.02,0.2688,140.7,21.1,0.3728,61.5,0.3075,0.2113,0.8958,136.64,0.1329,0.384,146.71,0.2626,0.3153,0.0062,0.4275,0.1485,0.0044,0.4135,0.069,low,False,0.0,0.1725,0.1629,0.0662
sampleimg/Oval/oval (790).jpg,Oval,oval,heart,하트형,False,0.3818,low,0.0237,True,long,0.3581,,,171.07,137.06,1.2482,101.02,137.06,107.07,0.7371,0.7812,107.07,0.7812,38.0,0.2221,73.0,0.4267,89.09,36.06,0.65,0.2631,75.06,0.5476,0.701,0.9435,1.3459,0.7812,0.5476,0.5063,46.1,0.2695,53.08,0.0,0.3873,8.5,0.3042,0.2188,0.8757,139.29,0.1327,0.4033,140.77,0.2631,0.0803,0.0079,0.2433,0.3581,0.009,0.3818,0.544,warning,True,0.4833,0.635,0.062,0.0292
sampleimg/Oval/oval (961).jpg,Oval,oval,heart,하트형,False,0.4266,medium,0.0588,False,oval,0.3678,,,426.38,378.11,1.1277,279.15,378.11,293.01,0.7383,0.7749,293.01,0.7749,106.0,0.2486,166.0,0.3893,245.05,97.01,0.6481,0.2566,201.0,0.5316,0.686,0.9527,1.3888,0.7749,0.5316,0.5274,123.02,0.2885,160.11,12.0,0.4235,26.0,0.3096,0.2586,0.8758,139.15,0.1154,0.3729,145.55,0.2566,0.1269,0.1543,0.3678,0.01,0.0414,0.4266,0.59,warning,True,0.4267,0.835,0.0688,0.0132
sampleimg/Oval/oval (132).jpg,Oval,oval,oval,계란형 또는 일반형,True,0.4035,low,0.0208,True,heart,0.3827,,,640.41,544.16,1.1769,389.33,544.16,428.0,0.7155,0.7865,428.0,0.7865,147.0,0.2295,280.0,0.4372,349.07,136.0,0.6415,0.2499,297.08,0.546,0.6941,0.9096,1.3105,0.7865,0.546,0.4948,171.19,0.2673,253.0,40.05,0.4649,61.0,0.2936,0.2114,0.8552,142.33,0.1087,0.4216,141.53,0.2499,0.1948,0.1463,0.4035,0.0488,0.0187,0.3827,0.375,low,False,0.0658,0.8387,0.1121,0.0129
sampleimg/Oval/oval (495).jpg,Oval,oval,long,긴형,False,0.3449,medium,0.0654,False,oval,0.2796,,,124.1,100.04,1.2404,75.03,100.04,79.03,0.7499,0.7899,79.03,0.7899,28.0,0.2256,52.0,0.419,65.03,25.02,0.65,0.2501,56.01,0.5598,0.7087,0.9494,1.3395,0.7899,0.5598,0.4999,34.0,0.274,37.01,1.0,0.37,7.0,0.3063,0.2981,0.8801,136.26,0.1336,0.3948,146.0,0.2501,0.1399,0.0107,0.2796,0.3449,0.1032,0.2616,0.55,warning,True,0.4167,0.75,0.07,0.02
sampleimg/Oval/oval (740).jpg,Oval,oval,oval,계란형 또는 일반형,True,0.3751,low,0.0461,True,long,0.329,,,422.17,350.12,1.2058,261.05,350.12,273.12,0.7456,0.7801,273.12,0.7801,106.0,0.2511,161.0,0.3814,243.07,93.02,0.6943,0.2657,190.13,0.543,0.6961,0.9558,1.373,0.7801,0.543,0.5575,126.1,0.2987,149.16,0.0,0.426,7.0,0.3176,0.234,0.8742,142.47,0.1217,0.3743,139.98,0.2657,0.0114,0.0177,0.3751,0.329,0.0135,0.2647,0.8145,good,True,0.8333,0.7863,0.02,0.0171
sampleimg/Oval/oval (574).jpg,Oval,oval,oval,계란형 또는 일반형,True,0.5009,medium,0.129,False,long,0.3719,,,155.21,125.2,1.2397,87.14,125.2,99.18,0.6961,0.7922,99.18,0.7922,33.0,0.2126,66.0,0.4252,80.22,30.07,0.6408,0.2402,68.18,0.5446,0.6875,0.8786,1.2781,0.7922,0.5446,0.484,43.19,0.2782,52.09,0.0,0.416,6.5,0.3034,0.2162,0.8317,134.73,0.1254,0.4381,150.95,0.2402,0.0399,0.0381,0.5009,0.3719,0.0301,0.0589,0.501,warning,True,0.5675,0.4012,0.0519,0.0479
sampleimg/Oval/oval (818).jpg,Oval,oval,long,긴형,False,0.5265,high,0.1698,False,oval,0.3567,,,178.36,140.8,1.2668,98.86,140.8,109.29,0.7021,0.7762,109.29,0.7762,38.0,0.213,75.0,0.4205,90.35,36.22,0.6417,0.2573,73.06,0.5189,0.6685,0.9045,1.3531,0.7762,0.5189,0.5201,47.0,0.2635,54.23,11.05,0.3852,28.0,0.298,0.1888,0.8457,143.91,0.1073,0.4597,141.67,0.2573,0.3977,0.012,0.3567,0.5265,0.0006,0.1044,0.116,low,False,0.0,0.29,0.1989,0.0568
sampleimg/Oval/oval (749).jpg,Oval,oval,round,둥근형,False,0.5538,high,0.3831,False,oval,0.1707,,,556.18,480.08,1.1585,356.09,480.08,372.02,0.7417,0.7749,372.02,0.7749,109.0,0.196,240.0,0.4315,319.0,130.19,0.6645,0.2712,258.01,0.5374,0.6935,0.9572,1.3802,0.7749,0.5374,0.4225,147.0,0.2643,171.11,18.03,0.3564,14.0,0.3039,0.3129,0.8855,135.42,0.1158,0.4477,149.69,0.2712,0.0583,0.5538,0.1707,0.0018,0.1563,0.1173,0.8435,good,True,0.7567,0.9738,0.0292,0.0021
sampleimg/Oval/oval (605).jpg,Oval,oval,oval,계란형 또는 일반형,True,0.39,high,0.16,False,heart,0.23,,,170.85,143.68,1.1891,101.4,143.68,116.97,0.7057,0.8141,116.97,0.8141,38.5,0.2253,77.0,0.4507,91.55,36.12,0.6371,0.2514,81.88,0.5699,0.7001,0.8669,1.2383,0.8141,0.5699,0.4702,43.74,0.256,72.34,17.03,0.5035,19.5,0.2831,0.1462,0.8387,139.38,0.1469,0.3687,134.37,0.2514,0.1601,0.079,0.39,0.0959,0.2051,0.23,0.052,low,False,0.0,0.13,0.1357,0.0696
sampleimg/Oval/oval (440).jpg,Oval,oval,long,긴형,False,0.8192,high,0.7206,False,oval,0.0986,,,150.01,118.02,1.2711,84.01,118.02,93.05,0.7118,0.7884,93.05,0.7884,35.5,0.2366,65.0,0.4333,76.06,28.0,0.6445,0.2373,65.03,0.551,0.6989,0.9028,1.2918,0.7884,0.551,0.5459,40.01,0.2667,59.0,15.0,0.4999,3.0,0.2934,0.1091,0.8475,142.59,0.1255,0.3933,139.94,0.2373,0.0339,0.0005,0.0986,0.8192,0.0005,0.0812,0.746,good,True,0.7883,0.6825,0.0254,0.0254
sampleimg/Oval/oval (128).jpg,Oval,oval,heart,하트형,False,0.7437,high,0.6234,False,oval,0.1204,,,844.1,700.1,1.2057,545.0,700.1,540.49,0.7785,0.772,540.49,0.772,210.5,0.2494,317.0,0.3755,465.07,172.0,0.6643,0.2457,373.65,0.5337,0.6913,1.0083,1.4586,0.772,0.5337,0.5634,251.64,0.2981,273.07,1.0,0.39,100.0,0.314,0.2166,0.9199,147.68,0.1146,0.3779,134.61,0.2457,0.2343,0.012,0.1204,0.1165,0.0074,0.7437,0.343,low,False,0.0,0.8575,0.1428,0.0114
sampleimg/Oval/oval (21).jpg,Oval,oval,square,사각형,False,0.5355,high,0.3108,False,oval,0.2246,,,121.02,99.01,1.2223,72.01,99.01,79.03,0.7273,0.7982,79.03,0.7982,22.0,0.1818,57.0,0.471,65.03,25.0,0.6568,0.2525,56.04,0.566,0.7091,0.9112,1.285,0.7982,0.566,0.3926,30.07,0.2485,39.0,7.07,0.3939,8.5,0.2976,0.1333,0.8585,130.27,0.1304,0.4627,154.98,0.2525,0.1313,0.1478,0.2246,0.0179,0.5355,0.0742,0.4695,warning,True,0.2842,0.7475,0.0859,0.0202
sampleimg/Oval/oval (672).jpg,Oval,oval,round,둥근형,False,0.4584,medium,0.1473,False,oval,0.3111,,,146.01,124.4,1.1737,90.09,124.4,97.62,0.7242,0.7847,97.62,0.7847,33.5,0.2294,57.0,0.3904,79.23,31.02,0.6369,0.2493,65.76,0.5286,0.6737,0.9228,1.3699,0.7847,0.5286,0.5094,43.74,0.2995,46.39,0.0,0.3729,31.0,0.3231,0.2655,0.8615,147.15,0.1316,0.363,130.24,0.2493,0.3698,0.4584,0.3111,0.0424,0.0063,0.1819,0.159,low,False,0.0,0.3975,0.2492,0.0482
sampleimg/Oval/oval (426).jpg,Oval,oval,heart,하트형,False,0.4435,medium,0.127,False,oval,0.3165,,,120.2,99.05,1.2136,71.06,99.05,80.0,0.7175,0.8077,80.0,0.8077,28.0,0.2329,54.0,0.4492,64.0,25.0,0.6462,0.2524,56.0,0.5654,0.7,0.8883,1.269,0.8077,0.5654,0.5,32.02,0.2663,45.0,9.0,0.4543,10.5,0.2913,0.2146,0.8486,131.97,0.1376,0.391,148.11,0.2524,0.1918,0.0116,0.3165,0.1395,0.089,0.4435,0.47,warning,True,0.1167,1.0,0.106,0.0
sampleimg/Oval/oval (412).jpg,Oval,oval,heart,하트형,False,0.3949,low,0.03,True,oval,0.3649,,,297.2,248.1,1.1979,187.1,248.1,191.07,0.7541,0.7701,191.07,0.7701,63.5,0.2137,126.0,0.424,158.15,59.08,0.6375,0.2381,135.03,0.5443,0.7067,0.9792,1.3856,0.7701,0.5443,0.4703,80.02,0.2693,95.08,16.12,0.3833,5.0,0.2996,0.2588,0.8952,138.65,0.1137,0.4408,147.3,0.2381,0.0564,0.0797,0.3649,0.0461,0.1145,0.3949,0.758,good,True,0.8317,0.6475,0.0202,0.0282
sampleimg/Oval/oval (716).jpg,Oval,oval,oval,계란형 또는 일반형,True,0.3567,low,0.0126,True,long,0.3441,,,111.07,89.36,1.243,67.12,89.36,69.58,0.7511,0.7787,69.58,0.7787,24.5,0.2206,42.0,0.3781,61.4,24.33,0.6871,0.2723,47.52,0.5318,0.6829,0.9646,1.4125,0.7787,0.5318,0.5156,33.73,0.3037,35.23,0.0,0.3942,25.5,0.3261,0.36,0.8858,133.47,0.1264,0.4412,157.38,0.2723,0.4141,0.0225,0.3567,0.3441,0.0889,0.1877,0.0085,low,False,0.0,0.0213,0.2854,0.0783
sampleimg/Oval/oval (434).jpg,Oval,oval,heart,하트형,False,0.4282,medium,0.135,False,long,0.2932,,,166.0,135.0,1.2296,103.0,135.0,103.0,0.763,0.7629,103.0,0.7629,41.0,0.247,65.0,0.3916,89.01,33.02,0.6593,0.2445,72.0,0.5333,0.699,1.0,1.4306,0.7629,0.5333,0.5694,49.01,0.2952,48.01,0.0,0.3556,1.5,0.3193,0.3267,0.8889,144.28,0.1166,0.3916,140.65,0.2445,0.037,0.0027,0.275,0.2932,0.001,0.4282,0.9075,good,True,0.9075,0.9075,0.0111,0.0074
sampleimg/Oval/oval (453).jpg,Oval,oval,oval,계란형 또는 일반형,True,0.3075,low,0.0243,True,round,0.2832,,,278.01,231.02,1.2034,162.01,231.02,186.04,0.7013,0.8053,186.04,0.8053,60.0,0.2158,116.0,0.4173,152.0,57.01,0.658,0.2468,128.06,0.5543,0.6883,0.8708,1.2651,0.8053,0.5543,0.4685,77.23,0.2778,100.04,0.0,0.4331,17.5,0.3097,0.2486,0.8398,134.8,0.1269,0.4209,149.89,0.2468,0.0996,0.2832,0.3075,0.1103,0.2394,0.0596,0.5995,warning,True,0.3683,0.9463,0.0758,0.0043
sampleimg/Oval/oval (761).jpg,Oval,oval,oval,계란형 또는 일반형,True,0.5394,high,0.2855,False,heart,0.2538,,,164.98,134.54,1.2263,98.49,134.54,101.61,0.7321,0.7552,101.61,0.7552,36.0,0.2182,66.0,0.4001,89.82,34.71,0.6676,0.258,70.04,0.5206,0.6893,0.9693,1.4063,0.7552,0.5206,0.514,46.39,0.2812,44.91,5.1,0.3338,11.0,0.3139,0.2414,0.8748,137.43,0.1534,0.3213,138.01,0.258,0.2527,0.0072,0.5394,0.1974,0.0022,0.2538,0.191,low,False,0.3183,0.0,0.0818,0.1338
sampleimg/Oval/oval (11).jpg,Oval,oval,oval,계란형 또는 일반형,True,0.5508,high,0.3332,False,heart,0.2176,,,492.71,395.46,1.2459,288.0,395.46,309.01,0.7283,0.7814,309.01,0.7814,95.5,0.1938,222.0,0.4506,264.83,95.34,0.6697,0.2411,213.76,0.5405,0.6917,0.932,1.3473,0.7814,0.5405,0.4468,124.4,0.2525,189.45,45.1,0.479,1.0,0.2892,0.1519,0.8656,135.75,0.1124,0.4851,152.58,0.2411,0.0455,0.0484,0.5508,0.1158,0.0674,0.2176,0.722,good,True,0.9792,0.3363,0.0025,0.0531
sampleimg/Oval/oval (767).jpg,Oval,oval,square,사각형,False,0.5139,high,0.2058,False,round,0.3081,,,633.71,536.3,1.1816,377.03,536.3,434.42,0.703,0.81,434.42,0.81,114.5,0.1807,306.0,0.4829,343.25,139.09,0.64,0.2593,298.48,0.5566,0.6871,0.8679,1.2632,0.81,0.5566,0.3836,148.79,0.2348,267.23,58.03,0.4983,65.0,0.2773,0.1897,0.8411,130.66,0.1159,0.4844,157.62,0.2593,0.1566,0.3081,0.1279,0.0017,0.5139,0.0483,0.279,low,False,0.0,0.6975,0.1212,0.0242
sampleimg/Oval/oval (715).jpg,Oval,oval,heart,하트형,False,0.3565,low,0.0309,True,oval,0.3256,,,365.01,302.11,1.2082,215.08,302.11,238.1,0.7119,0.7881,238.1,0.7881,89.5,0.2452,157.0,0.4301,193.02,77.01,0.6389,0.2549,167.07,0.553,0.7017,0.9033,1.2873,0.7881,0.553,0.5357,100.0,0.274,145.01,28.02,0.48,1.0,0.3014,0.1669,0.8477,139.25,0.1214,0.4027,144.37,0.2549,0.0,0.0117,0.3256,0.3005,0.0056,0.3565,0.934,good,True,0.9725,0.8762,0.0033,0.0099
sampleimg/Oval/oval (540).jpg,Oval,oval,long,긴형,False,0.7592,high,0.5733,False,oval,0.1858,,,747.4,580.25,1.2881,417.64,580.25,456.25,0.7198,0.7863,456.25,0.7863,161.5,0.2161,299.0,0.4001,383.47,139.0,0.6609,0.2396,310.06,0.5344,0.6796,0.9154,1.347,0.7863,0.5344,0.5209,213.01,0.285,264.37,2.24,0.4556,82.5,0.3126,0.2282,0.8562,132.25,0.1506,0.3893,147.18,0.2396,0.2913,0.0012,0.1858,0.7592,0.0053,0.0484,0.2365,low,False,0.0,0.5913,0.1422,0.0327
sampleimg/Oval/oval (173).jpg,Oval,oval,round,둥근형,False,0.6185,high,0.3101,False,oval,0.3083,,,319.9,275.86,1.1596,195.6,275.86,210.95,0.7091,0.7647,210.95,0.7647,64.0,0.2001,136.0,0.4251,171.94,66.37,0.6233,0.2406,145.5,0.5274,0.6897,0.9273,1.3444,0.7647,0.5274,0.4399,84.15,0.263,91.66,7.0,0.3323,24.0,0.2986,0.2335,0.8557,140.53,0.0966,0.4751,150.64,0.2406,0.2102,0.6185,0.3083,0.0061,0.0267,0.0404,0.239,low,False,0.275,0.185,0.087,0.0652
sampleimg/Oval/oval (404).jpg,Oval,oval,heart,하트형,False,0.7862,high,0.6444,False,oval,0.1419,,,475.77,420.63,1.1311,322.05,420.63,325.88,0.7656,0.7748,325.88,0.7748,133.5,0.2806,169.0,0.3552,274.33,107.56,0.6522,0.2557,224.51,0.5337,0.6889,0.9882,1.4345,0.7748,0.5337,0.5946,149.75,0.3148,190.52,1.0,0.4529,38.5,0.3245,0.1716,0.9019,147.41,0.1197,0.309,132.84,0.2557,0.1117,0.0398,0.1419,0.0255,0.0065,0.7862,0.2215,low,False,0.2375,0.1975,0.0915,0.0642
sampleimg/Oval/oval (599).jpg,Oval,oval,oval,계란형 또는 일반형,True,0.4764,high,0.312,False,heart,0.1643,,,199.42,166.36,1.1987,119.42,166.36,131.19,0.7178,0.7886,131.19,0.7886,43.5,0.2181,85.0,0.4262,104.24,41.05,0.6265,0.2467,92.14,0.5538,0.7023,0.9103,1.2961,0.7886,0.5538,0.4721,54.0,0.2708,61.29,1.0,0.3684,11.0,0.301,0.3016,0.8561,135.57,0.1343,0.3861,145.74,0.2467,0.1322,0.0892,0.4764,0.1159,0.1542,0.1643,0.459,warning,True,0.4492,0.4738,0.0661,0.0421
sampleimg/Oval/oval (26).jpg,Oval,oval,heart,하트형,False,0.3622,medium,0.0766,False,long,0.2855,,,100.12,86.01,1.1642,62.03,86.01,69.0,0.7213,0.8023,69.0,0.8023,28.0,0.2797,40.0,0.3995,55.01,20.02,0.6396,0.2328,49.01,0.5698,0.7103,0.899,1.2657,0.8023,0.5698,0.5713,30.02,0.2998,39.01,5.0,0.4536,11.0,0.3098,0.22,0.8491,139.35,0.1248,0.3496,144.32,0.2328,0.2325,0.0187,0.2824,0.2855,0.0512,0.3622,0.342,low,False,0.0,0.855,0.1279,0.0116
sampleimg/Oval/oval (569).jpg,Oval,oval,round,둥근형,False,0.6263,high,0.4711,False,square,0.1552,,,347.42,311.23,1.1163,231.18,311.23,244.2,0.7428,0.7846,244.2,0.7846,83.0,0.2389,141.0,0.4059,208.29,76.24,0.6692,0.245,173.14,0.5563,0.709,0.9466,1.3352,0.7846,0.5563,0.4794,101.08,0.2909,112.11,0.0,0.3602,0.5,0.3198,0.2838,0.8811,138.62,0.1106,0.4087,148.04,0.245,0.0225,0.6263,0.0949,0.0026,0.1552,0.121,0.8155,good,True,0.9867,0.5588,0.0016,0.0353
sampleimg/Oval/oval (235).jpg,Oval,oval,heart,하트형,False,0.4041,medium,0.1477,False,oval,0.2564,,,190.52,164.51,1.158,124.4,164.51,127.48,0.7562,0.7749,127.48,0.7749,44.5,0.2336,75.0,0.3937,107.3,44.18,0.6522,0.2686,88.28,0.5366,0.6925,0.9759,1.4092,0.7749,0.5366,0.5041,55.23,0.2899,76.24,7.07,0.4634,7.0,0.3108,0.224,0.8965,139.18,0.1039,0.4409,150.52,0.2686,0.0243,0.1914,0.2564,0.0158,0.1323,0.4041,0.5445,warning,True,0.6458,0.3925,0.0425,0.0486
sampleimg/Oval/oval (948).jpg,Oval,oval,round,둥근형,False,0.5741,high,0.3563,False,oval,0.2178,,,238.0,197.02,1.208,134.06,197.02,160.03,0.6804,0.8122,160.03,0.8122,48.5,0.2038,100.0,0.4202,127.04,50.09,0.6448,0.2542,108.0,0.5482,0.6749,0.8377,1.2412,0.8122,0.5482,0.4491,67.01,0.2815,84.02,9.0,0.4265,5.5,0.3109,0.2567,0.8224,134.35,0.1294,0.416,148.31,0.2542,0.0457,0.5741,0.2178,0.0591,0.13,0.019,0.7845,good,True,0.7675,0.81,0.0279,0.0152
sampleimg/Oval/oval (268).jpg,Oval,oval,square,사각형,False,0.4198,medium,0.0887,False,oval,0.3311,,,438.13,366.16,1.1965,261.49,366.16,296.45,0.7141,0.8096,296.45,0.8096,92.0,0.21,189.0,0.4314,231.22,85.99,0.6315,0.2348,203.67,0.5562,0.687,0.8821,1.2839,0.8096,0.5562,0.4517,115.62,0.2639,158.81,0.0,0.4337,6.5,0.2967,0.2539,0.8462,132.95,0.1494,0.3675,141.99,0.2348,0.101,0.1235,0.3311,0.0328,0.4198,0.0929,0.511,warning,True,0.8517,0.0,0.0178,0.0874
sampleimg/Oval/oval (917).jpg,Oval,oval,long,긴형,False,0.5124,high,0.1962,False,oval,0.3162,,,494.79,403.19,1.2272,304.8,403.19,303.3,0.756,0.7522,303.3,0.7522,123.0,0.2486,177.0,0.3577,282.02,108.46,0.6995,0.269,210.15,0.5212,0.6929,1.0049,1.4503,0.7522,0.5212,0.5853,154.73,0.3127,146.41,0.0,0.3631,37.0,0.3364,0.3527,0.8853,147.3,0.1277,0.3456,133.05,0.269,0.1091,0.0045,0.3162,0.5124,0.0003,0.1665,0.2435,low,False,0.235,0.2563,0.0918,0.0595
sampleimg/Oval/oval (515).jpg,Oval,oval,oval,계란형 또는 일반형,True,0.6151,high,0.4752,False,heart,0.1399,,,164.3,136.3,1.2055,98.18,136.3,107.17,0.7204,0.7863,107.17,0.7863,34.0,0.2069,71.0,0.4321,86.21,33.06,0.6325,0.2426,74.11,0.5437,0.6915,0.9162,1.3249,0.7863,0.5437,0.4588,43.01,0.2618,52.15,0.0,0.3826,4.0,0.2985,0.2522,0.8526,136.05,0.1315,0.4017,145.08,0.2426,0.0734,0.1028,0.6151,0.0576,0.0846,0.1399,0.6335,warning,True,0.7558,0.45,0.0293,0.044
sampleimg/Oval/oval (186).jpg,Oval,oval,oval,계란형 또는 일반형,True,0.3822,low,0.0387,True,heart,0.3436,,,394.41,339.09,1.1631,257.19,339.09,256.0,0.7585,0.755,256.0,0.755,86.0,0.218,153.0,0.3879,220.11,76.01,0.6491,0.2241,177.03,0.5221,0.6915,1.0047,1.4529,0.755,0.5221,0.4858,117.04,0.2967,132.03,1.0,0.3894,38.5,0.322,0.2992,0.903,136.11,0.1191,0.4082,149.84,0.2241,0.2094,0.2091,0.3822,0.0112,0.0539,0.3436,0.3295,low,False,0.0542,0.7425,0.1135,0.0206
sampleimg/Oval/oval (114).jpg,Oval,oval,oval,계란형 또는 일반형,True,0.5128,high,0.2484,False,long,0.2644,,,515.19,413.7,1.2453,289.36,413.7,328.1,0.6994,0.7931,328.1,0.7931,103.0,0.1999,216.0,0.4193,270.74,106.47,0.6544,0.2574,221.0,0.5342,0.6736,0.8819,1.3093,0.7931,0.5342,0.4661,139.7,0.2712,136.13,8.06,0.3291,92.5,0.3086,0.3101,0.8419,131.1,0.1415,0.4018,152.67,0.2574,0.3795,0.0669,0.5128,0.2644,0.0667,0.0892,0.1585,low,False,0.0,0.3962,0.2236,0.0483
sampleimg/Oval/oval (79).jpg,Oval,oval,oval,계란형 또는 일반형,True,0.4849,high,0.2798,False,round,0.2052,,,184.98,160.7,1.1511,118.61,160.7,125.32,0.7381,0.7799,125.32,0.7799,43.5,0.2352,71.0,0.3838,107.3,41.11,0.6677,0.2558,86.28,0.5369,0.6885,0.9464,1.3746,0.7799,0.5369,0.5041,54.08,0.2924,58.22,0.0,0.3623,7.0,0.3201,0.2787,0.8693,136.33,0.1361,0.346,143.13,0.2558,0.1245,0.2052,0.4849,0.0197,0.1076,0.1826,0.533,warning,True,0.6367,0.3775,0.0436,0.0498
sampleimg/Oval/oval (217).jpg,Oval,oval,oval,계란형 또는 일반형,True,0.408,medium,0.0604,False,heart,0.3476,,,249.02,208.09,1.1967,151.0,208.09,164.3,0.7257,0.7896,164.3,0.7896,60.0,0.2409,101.0,0.4056,140.0,57.04,0.6728,0.2741,113.28,0.5444,0.6895,0.919,1.333,0.7896,0.5444,0.5296,70.58,0.2834,100.02,11.05,0.4807,35.0,0.3059,0.188,0.8603,136.07,0.1206,0.4096,151.43,0.2741,0.2499,0.0279,0.408,0.1652,0.0514,0.3476,0.376,low,False,0.0,0.94,0.1682,0.0048
sampleimg/Oval/oval (537).jpg,Oval,oval,long,긴형,False,0.6513,high,0.4427,False,oval,0.2087,,,176.07,139.0,1.2667,102.04,139.0,109.04,0.7341,0.7845,109.04,0.7845,40.5,0.23,73.0,0.4146,92.0,36.01,0.6619,0.2591,76.06,0.5472,0.6975,0.9358,1.3416,0.7845,0.5472,0.5325,49.16,0.2792,54.01,0.0,0.3886,21.5,0.3067,0.2927,0.8634,135.41,0.1343,0.4032,149.04,0.2591,0.2518,0.0011,0.2087,0.6513,0.0065,0.1324,0.4,warning,True,0.0,1.0,0.1547,0.0
sampleimg/Oval/oval (214).jpg,Oval,oval,oval,계란형 또는 일반형,True,0.7628,high,0.6063,False,heart,0.1565,,,187.86,153.55,1.2235,111.45,153.55,117.35,0.7258,0.7642,117.35,0.7642,39.5,0.2103,80.0,0.4258,103.31,39.12,0.6728,0.2547,80.31,0.523,0.6844,0.9498,1.3878,0.7642,0.523,0.4919,50.16,0.267,74.33,16.03,0.4841,2.5,0.294,0.1716,0.8567,137.19,0.1292,0.3992,142.82,0.2547,0.0847,0.0095,0.7628,0.0671,0.0041,0.1565,0.658,warning,True,0.8642,0.3488,0.0163,0.0521
sampleimg/Oval/oval (471).jpg,Oval,oval,round,둥근형,False,0.5967,high,0.3516,False,oval,0.2452,,,504.25,433.26,1.1639,303.16,433.26,342.18,0.6997,0.7898,342.18,0.7898,100.5,0.1993,238.0,0.472,276.09,105.0,0.6372,0.2424,242.13,0.5589,0.7076,0.886,1.2521,0.7898,0.5589,0.4151,130.14,0.2581,183.02,31.02,0.4224,9.5,0.2997,0.2406,0.8383,133.81,0.1153,0.4581,152.18,0.2424,0.0162,0.5967,0.2452,0.0057,0.0648,0.0876,0.8095,good,True,0.8175,0.7975,0.0219,0.0162
sampleimg/Oval/oval (425).jpg,Oval,oval,oval,계란형 또는 일반형,True,0.4812,high,0.2766,False,long,0.2046,,,311.27,254.24,1.2243,187.04,254.24,198.43,0.7357,0.7805,198.43,0.7805,66.5,0.2136,128.0,0.4112,169.11,64.07,0.6652,0.252,137.52,0.5409,0.6931,0.9426,1.3601,0.7805,0.5409,0.4836,85.71,0.2754,89.27,12.04,0.3511,34.0,0.3063,0.2586,0.8735,141.3,0.1336,0.4016,137.26,0.252,0.1809,0.0728,0.4812,0.2046,0.0419,0.1994,0.282,low,False,0.0,0.705,0.1337,0.0236
sampleimg/Round/round (234).jpg,Round,round,square,사각형,False,0.5687,high,0.2455,False,round,0.3232,,,517.65,451.93,1.1454,332.94,451.93,365.55,0.7367,0.8089,365.55,0.8089,122.0,0.2357,213.0,0.4115,291.29,116.21,0.6445,0.2571,258.28,0.5715,0.7066,0.9108,1.2891,0.8089,0.5715,0.4724,148.01,0.2859,161.01,19.03,0.3563,19.5,0.3131,0.2,0.8742,137.02,0.1178,0.4173,147.23,0.2571,0.0951,0.3232,0.0467,0.0051,0.5687,0.0563,0.6405,warning,True,0.6408,0.64,0.0431,0.0288
sampleimg/Round/round (39).jpg,Round,round,square,사각형,False,0.5416,medium,0.1407,False,round,0.401,,,408.4,348.02,1.1735,253.1,348.02,274.02,0.7272,0.7874,274.02,0.7874,73.5,0.18,159.0,0.3893,228.02,82.05,0.6552,0.2358,183.07,0.526,0.6681,0.9237,1.3825,0.7874,0.526,0.4015,116.28,0.2847,133.63,1.0,0.384,51.0,0.3183,0.2909,0.8653,128.7,0.1309,0.4432,155.77,0.2358,0.2471,0.401,0.0546,0.0005,0.5416,0.0024,0.357,low,False,0.0,0.8925,0.1465,0.0086
sampleimg/Round/round (166).jpg,Round,round,round,둥근형,True,0.7491,high,0.5785,False,square,0.1706,,,404.0,356.04,1.1347,257.01,356.04,274.09,0.7219,0.7698,274.09,0.7698,72.5,0.1795,165.0,0.4084,233.02,87.01,0.6545,0.2444,188.07,0.5282,0.6862,0.9377,1.3666,0.7698,0.5282,0.3855,111.11,0.275,119.0,13.0,0.3342,18.0,0.312,0.2395,0.8595,131.19,0.1198,0.4554,154.7,0.2444,0.073,0.7491,0.0777,0.0001,0.1706,0.0024,0.705,good,True,0.5783,0.895,0.0506,0.0084
sampleimg/Round/round (253).jpg,Round,round,round,둥근형,True,0.7338,high,0.4771,False,square,0.2567,,,350.96,321.14,1.0929,232.78,321.14,256.04,0.7249,0.7973,256.04,0.7973,72.5,0.2066,142.0,0.4046,203.19,79.51,0.6327,0.2476,176.73,0.5503,0.6902,0.9092,1.3172,0.7973,0.5503,0.4102,101.6,0.2895,116.35,11.05,0.3623,20.0,0.3176,0.2451,0.8624,132.22,0.1098,0.4587,156.75,0.2476,0.0561,0.7338,0.0081,0.0,0.2567,0.0014,0.346,low,False,0.4808,0.1437,0.0623,0.0685
sampleimg/Round/round (120).jpg,Round,round,heart,하트형,False,0.4413,low,0.0198,True,oval,0.4215,,,338.92,295.49,1.147,229.49,295.49,221.23,0.7766,0.7487,221.23,0.7487,85.0,0.2508,114.0,0.3364,207.2,81.1,0.7012,0.2745,150.12,0.508,0.6786,1.0374,1.5287,0.7487,0.508,0.5662,111.11,0.3278,111.29,0.0,0.3766,9.5,0.3458,0.3629,0.9088,142.3,0.1176,0.3511,141.22,0.2745,0.0981,0.1157,0.4215,0.0164,0.005,0.4413,0.6865,warning,True,0.7317,0.6188,0.0322,0.0305
sampleimg/Round/round (289).jpg,Round,round,round,둥근형,True,0.6962,high,0.4527,False,square,0.2435,,,312.1,277.0,1.1267,202.01,277.0,215.01,0.7293,0.7762,215.01,0.7762,59.0,0.189,126.0,0.4037,181.01,67.0,0.6535,0.2419,148.01,0.5343,0.6884,0.9395,1.3648,0.7762,0.5343,0.3986,87.01,0.2788,91.01,11.0,0.3285,8.5,0.314,0.1852,0.8665,131.51,0.1223,0.439,152.41,0.2419,0.0542,0.6962,0.0567,0.0001,0.2435,0.0035,0.8105,good,True,0.7442,0.91,0.0307,0.0072
sampleimg/Round/round (375).jpg,Round,round,round,둥근형,True,0.4231,high,0.1522,False,heart,0.2709,,,218.0,199.04,1.0953,151.01,199.04,155.12,0.7587,0.7793,155.12,0.7793,54.0,0.2477,90.0,0.4128,124.04,48.0,0.6232,0.2412,112.16,0.5635,0.7231,0.9735,1.3464,0.7793,0.5635,0.4815,63.2,0.2899,71.0,4.0,0.3567,22.5,0.3168,0.2743,0.8994,138.46,0.1083,0.3991,150.19,0.2412,0.1758,0.4231,0.0658,0.0013,0.2389,0.2709,0.3595,low,False,0.0583,0.8113,0.113,0.0151
sampleimg/Round/round (37).jpg,Round,round,heart,하트형,False,0.4935,high,0.2983,False,oval,0.1952,,,291.25,257.12,1.1327,196.12,257.12,200.02,0.7628,0.7779,200.02,0.7779,71.5,0.2455,116.0,0.3983,170.07,65.03,0.6614,0.2529,140.0,0.5445,0.6999,0.9805,1.4009,0.7779,0.5445,0.5107,82.0,0.2815,90.01,1.0,0.35,10.5,0.3057,0.2842,0.8989,142.7,0.1042,0.4017,143.9,0.2529,0.0817,0.189,0.1952,0.0071,0.1152,0.4935,0.699,warning,True,0.66,0.7575,0.0408,0.0194
sampleimg/Round/round (556).jpg,Round,round,round,둥근형,True,0.4027,medium,0.0735,False,oval,0.3292,,,120.04,103.0,1.1654,70.01,103.0,83.01,0.6796,0.8058,83.01,0.8058,27.5,0.2291,52.0,0.4332,66.03,27.02,0.641,0.2623,56.0,0.5437,0.6746,0.8434,1.2501,0.8058,0.5437,0.4911,33.0,0.2749,52.01,9.0,0.5049,5.5,0.3,0.1961,0.8253,137.11,0.1208,0.3999,146.93,0.2623,0.1068,0.4027,0.3292,0.0388,0.0303,0.199,0.636,warning,True,0.555,0.7575,0.0534,0.0194
sampleimg/Round/round (202).jpg,Round,round,square,사각형,False,0.4872,low,0.0234,True,round,0.4638,,,111.76,97.42,1.1472,69.18,97.42,78.64,0.7102,0.8072,78.64,0.8072,20.0,0.179,51.0,0.4563,62.29,24.19,0.6394,0.2483,54.59,0.5604,0.6942,0.8797,1.2673,0.8072,0.5604,0.3664,27.66,0.2475,35.23,0.0,0.3616,13.5,0.2913,0.2099,0.844,132.74,0.1445,0.4205,140.19,0.2483,0.154,0.4638,0.0439,0.0002,0.4872,0.0048,0.092,low,False,0.0,0.23,0.1386,0.0616
sampleimg/Round/round (456).jpg,Round,round,square,사각형,False,0.4944,high,0.2948,False,oval,0.1996,,,168.88,143.61,1.176,104.14,143.61,116.42,0.7252,0.8106,116.42,0.8106,35.0,0.2072,70.0,0.4145,94.37,37.85,0.6571,0.2636,78.85,0.549,0.6773,0.8945,1.3208,0.8106,0.549,0.4439,45.88,0.2717,57.49,0.0,0.4003,21.0,0.2987,0.293,0.8618,138.23,0.177,0.3198,129.92,0.2636,0.1114,0.1896,0.1996,0.0137,0.4944,0.1028,0.0,low,False,0.0,0.0,0.1462,0.1462
sampleimg/Round/round (212).jpg,Round,round,round,둥근형,True,0.5574,high,0.3554,False,oval,0.202,,,228.32,205.2,1.1127,157.2,205.2,152.16,0.7661,0.7415,152.16,0.7415,45.5,0.1993,96.0,0.4205,137.18,51.01,0.6685,0.2486,107.07,0.5218,0.7037,1.0331,1.4682,0.7415,0.5218,0.4249,62.01,0.2716,63.01,6.08,0.3071,6.5,0.3069,0.2407,0.9124,137.81,0.1099,0.4249,147.86,0.2486,0.0731,0.5574,0.202,0.0003,0.0475,0.1929,0.671,warning,True,0.7358,0.5737,0.0317,0.0341
sampleimg/Round/round (131).jpg,Round,round,square,사각형,False,0.7286,high,0.5457,False,round,0.1829,,,306.1,270.27,1.1326,194.26,270.27,219.23,0.7188,0.8112,219.23,0.8112,71.0,0.2319,122.0,0.3986,171.07,67.07,0.633,0.2482,150.12,0.5555,0.6848,0.8861,1.294,0.8112,0.5555,0.473,85.02,0.2778,107.0,1.0,0.3959,4.0,0.3007,0.2365,0.852,133.56,0.1244,0.4116,148.8,0.2482,0.0444,0.1829,0.0694,0.0019,0.7286,0.0173,0.8335,good,True,0.8767,0.7688,0.0148,0.0185
sampleimg/Round/round (321).jpg,Round,round,round,둥근형,True,0.8349,high,0.7256,False,square,0.1093,,,605.39,556.81,1.0872,414.35,556.81,429.98,0.7441,0.7722,429.98,0.7722,119.5,0.1974,257.0,0.4245,366.23,149.16,0.6577,0.2679,297.81,0.5349,0.6926,0.9636,1.3913,0.7722,0.5349,0.4013,161.12,0.2661,234.48,0.0,0.4211,46.0,0.2984,0.2468,0.8845,136.85,0.114,0.4245,143.79,0.2679,0.097,0.8349,0.0408,0.0,0.1093,0.015,0.4705,warning,True,0.3117,0.7087,0.0826,0.0233
sampleimg/Round/round (176).jpg,Round,round,round,둥근형,True,0.5548,high,0.3381,False,oval,0.2167,,,377.52,331.24,1.1397,246.33,331.24,257.11,0.7437,0.7762,257.11,0.7762,78.5,0.2079,147.0,0.3894,211.62,81.39,0.6389,0.2457,175.93,0.5311,0.6843,0.9581,1.4001,0.7762,0.5311,0.4462,109.24,0.2894,136.06,23.54,0.4108,17.5,0.3169,0.2031,0.8816,137.14,0.1499,0.3285,136.08,0.2457,0.0272,0.5548,0.2167,0.002,0.1698,0.0566,0.336,low,False,0.56,0.0,0.0528,0.1177
sampleimg/Round/round (146).jpg,Round,round,round,둥근형,True,0.6601,high,0.4495,False,oval,0.2105,,,125.14,109.17,1.1464,79.16,109.17,84.15,0.7251,0.7708,84.15,0.7708,26.5,0.2118,49.0,0.3915,68.18,27.07,0.6246,0.248,57.14,0.5234,0.679,0.9407,1.3853,0.7708,0.5234,0.4638,36.06,0.2881,43.05,2.0,0.3943,2.5,0.3121,0.2102,0.8714,137.05,0.1065,0.4475,151.39,0.248,0.0092,0.6601,0.2105,0.0036,0.0808,0.045,0.6565,warning,True,0.8092,0.4275,0.0229,0.0458
sampleimg/Round/round (468).jpg,Round,round,oval,계란형 또는 일반형,False,0.3643,high,0.1553,False,round,0.2089,,,104.12,87.14,1.1948,61.07,87.14,70.11,0.7008,0.8046,70.11,0.8046,23.0,0.2209,46.0,0.4418,55.15,21.1,0.6328,0.2421,49.04,0.5628,0.6994,0.8711,1.2454,0.8046,0.5628,0.469,28.02,0.2691,38.05,5.0,0.4367,0.5,0.2984,0.1944,0.839,135.38,0.1188,0.4418,149.74,0.2421,0.0115,0.2089,0.3643,0.1002,0.1845,0.1421,0.742,good,True,0.9525,0.4263,0.0057,0.0459
sampleimg/Round/round (255).jpg,Round,round,square,사각형,False,0.7564,high,0.5834,False,round,0.173,,,295.43,266.08,1.1103,188.96,266.08,217.45,0.7101,0.8172,217.45,0.8172,65.0,0.22,128.0,0.4333,168.67,72.44,0.6339,0.2723,148.17,0.5568,0.6814,0.869,1.2753,0.8172,0.5568,0.4387,76.06,0.2575,125.4,23.02,0.4713,34.5,0.2845,0.1857,0.8463,130.71,0.1333,0.3656,149.25,0.2723,0.2368,0.173,0.0463,0.0002,0.7564,0.0241,0.118,low,False,0.0,0.295,0.1297,0.0564
sampleimg/Round/round (381).jpg,Round,round,round,둥근형,True,0.4984,high,0.2432,False,square,0.2552,,,216.04,183.04,1.1802,130.02,183.04,147.05,0.7103,0.8034,147.05,0.8034,43.0,0.199,90.0,0.4166,119.07,46.04,0.6505,0.2515,99.08,0.5413,0.6738,0.8841,1.3122,0.8034,0.5413,0.434,59.08,0.2735,74.01,11.0,0.4043,9.5,0.3056,0.2049,0.8415,134.11,0.131,0.4212,146.5,0.2515,0.071,0.4984,0.2202,0.0059,0.2552,0.0203,0.631,warning,True,0.5675,0.7263,0.0519,0.0219
sampleimg/Round/round (195).jpg,Round,round,round,둥근형,True,0.7363,high,0.5789,False,oval,0.1573,,,222.58,188.68,1.1796,135.94,188.68,148.22,0.7205,0.7855,148.22,0.7855,41.0,0.1842,97.0,0.4358,123.41,48.09,0.654,0.2549,102.08,0.541,0.6887,0.9172,1.3318,0.7855,0.541,0.4017,59.08,0.2654,68.26,6.0,0.3618,32.0,0.3055,0.2621,0.8533,136.4,0.1137,0.4852,147.46,0.2549,0.3074,0.7363,0.1573,0.0019,0.0908,0.0136,0.135,low,False,0.0,0.3375,0.1696,0.053
sampleimg/Round/round (365).jpg,Round,round,round,둥근형,True,0.6201,high,0.2845,False,square,0.3356,,,244.02,212.01,1.151,147.0,212.01,171.01,0.6934,0.8066,171.01,0.8066,47.0,0.1926,99.0,0.4057,134.01,56.01,0.6321,0.2642,116.02,0.5472,0.6784,0.8596,1.2671,0.8066,0.5472,0.4051,68.01,0.2787,79.03,0.0,0.3727,7.0,0.3115,0.2669,0.8255,131.8,0.1264,0.4303,152.67,0.2642,0.0566,0.6201,0.0429,0.0005,0.3356,0.0008,0.788,good,True,0.725,0.8825,0.033,0.0094
sampleimg/Round/round (380).jpg,Round,round,round,둥근형,True,0.4264,medium,0.1011,False,square,0.3254,,,261.61,222.19,1.1774,159.91,222.19,174.93,0.7197,0.7873,174.93,0.7873,53.0,0.2026,102.0,0.3899,143.89,53.46,0.6476,0.2406,119.51,0.5379,0.6832,0.9141,1.338,0.7873,0.5379,0.4435,74.17,0.2835,74.17,0.0,0.3338,3.5,0.3146,0.257,0.8598,134.96,0.1408,0.3746,143.57,0.2406,0.0765,0.4264,0.2192,0.012,0.3254,0.017,0.561,warning,True,0.8683,0.1,0.0158,0.072
sampleimg/Round/round (374).jpg,Round,round,square,사각형,False,0.5988,high,0.2044,False,round,0.3944,,,231.0,205.12,1.1262,143.28,205.12,169.01,0.6985,0.824,169.01,0.824,43.0,0.1861,103.0,0.4459,133.06,54.08,0.6487,0.2637,117.0,0.5704,0.6923,0.8478,1.2246,0.824,0.5704,0.3675,59.3,0.2567,76.01,0.0,0.3705,27.5,0.2945,0.2365,0.8351,129.97,0.1275,0.4632,149.04,0.2637,0.2096,0.3944,0.0063,0.0,0.5988,0.0005,0.3025,low,False,0.0,0.7562,0.1341,0.0195
sampleimg/Round/round (16).jpg,Round,round,round,둥근형,True,0.7779,high,0.6502,False,oval,0.1277,,,479.71,444.5,1.0792,337.33,444.5,328.39,0.7589,0.7388,328.39,0.7388,105.0,0.2189,188.0,0.3919,286.34,107.23,0.6442,0.2412,228.27,0.5135,0.6951,1.0272,1.4778,0.7388,0.5135,0.46,141.23,0.2944,153.26,5.0,0.3448,8.0,0.3173,0.2205,0.9032,140.73,0.0935,0.4461,150.72,0.2412,0.0,0.7779,0.1277,0.0001,0.0157,0.0786,0.7525,good,True,0.85,0.6062,0.018,0.0315
sampleimg/Round/round (257).jpg,Round,round,square,사각형,False,0.6403,high,0.3927,False,round,0.2476,,,415.2,360.28,1.1524,263.97,360.28,287.74,0.7327,0.7986,287.74,0.7986,86.0,0.2071,172.0,0.4143,231.04,90.43,0.6413,0.251,201.07,0.5581,0.6988,0.9174,1.3128,0.7986,0.5581,0.4277,113.28,0.2728,136.5,1.0,0.3789,4.0,0.3077,0.2344,0.8682,133.75,0.1526,0.3348,139.9,0.251,0.1166,0.2476,0.0861,0.0022,0.6403,0.0237,0.5445,warning,True,0.9075,0.0,0.0111,0.1194
sampleimg/Round/round (293).jpg,Round,round,round,둥근형,True,0.3822,medium,0.1095,False,heart,0.2726,,,208.04,184.1,1.13,144.03,184.1,144.09,0.7824,0.7827,144.09,0.7827,51.5,0.2476,74.0,0.3557,120.02,44.0,0.6519,0.239,99.05,0.538,0.6874,0.9996,1.4542,0.7827,0.538,0.52,65.07,0.3128,63.2,0.0,0.3433,9.0,0.3318,0.2727,0.9182,141.16,0.1212,0.3653,141.13,0.239,0.0652,0.3822,0.0954,0.004,0.2459,0.2726,0.701,good,True,0.5925,0.8638,0.0489,0.0109
sampleimg/Round/round (302).jpg,Round,round,oval,계란형 또는 일반형,False,0.4541,low,0.0394,True,heart,0.4147,,,131.14,115.11,1.1392,84.15,115.11,89.01,0.731,0.7732,89.01,0.7732,32.5,0.2478,55.0,0.4194,73.06,30.07,0.6347,0.2612,62.0,0.5386,0.6966,0.9454,1.3572,0.7732,0.5386,0.5242,36.01,0.2746,51.01,12.04,0.4431,11.5,0.2975,0.1145,0.8612,145.48,0.0981,0.4118,140.63,0.2612,0.1824,0.1089,0.4541,0.0153,0.0071,0.4147,0.37,low,False,0.1675,0.6737,0.0999,0.0261
sampleimg/Round/round (34).jpg,Round,round,oval,계란형 또는 일반형,False,0.3271,medium,0.0617,False,round,0.2654,,,193.01,164.03,1.1767,121.0,164.03,130.02,0.7377,0.7926,130.02,0.7926,48.0,0.2487,71.0,0.3679,111.02,43.01,0.6768,0.2622,91.01,0.5548,0.7,0.9307,1.3296,0.7926,0.5548,0.5274,61.01,0.3161,65.0,1.0,0.3963,2.0,0.3368,0.2664,0.8658,139.05,0.1292,0.3679,142.56,0.2622,0.0122,0.2654,0.3271,0.156,0.1511,0.1004,0.878,good,True,0.8983,0.8475,0.0122,0.0122
sampleimg/Round/round (508).jpg,Round,round,oval,계란형 또는 일반형,False,0.3664,low,0.027,True,round,0.3394,,,152.16,129.14,1.1783,89.09,129.14,105.08,0.6899,0.8137,105.08,0.8137,32.0,0.2103,64.0,0.4206,82.05,33.02,0.6354,0.2557,70.06,0.5425,0.6668,0.8479,1.2715,0.8137,0.5425,0.4567,41.05,0.2698,60.21,6.0,0.4662,0.5,0.296,0.228,0.8217,133.64,0.1337,0.4009,146.31,0.2557,0.0387,0.3394,0.3664,0.0154,0.2456,0.0333,0.8645,good,True,0.9675,0.71,0.0039,0.0232
sampleimg/Round/round (201).jpg,Round,round,oval,계란형 또는 일반형,False,0.2985,low,0.0204,True,round,0.2782,,,476.32,400.28,1.19,290.12,400.28,315.23,0.7248,0.7875,315.23,0.7875,100.0,0.2099,196.0,0.4115,253.64,99.08,0.6337,0.2475,218.01,0.5446,0.6916,0.9203,1.3308,0.7875,0.5446,0.4587,136.44,0.2865,152.55,0.0,0.3811,95.5,0.3191,0.2921,0.8674,131.18,0.1369,0.3842,152.19,0.2475,0.4222,0.2782,0.2985,0.0352,0.2501,0.138,0.175,low,False,0.0,0.4375,0.2386,0.045
sampleimg/Round/round (140).jpg,Round,round,oval,계란형 또는 일반형,False,0.4931,high,0.3238,False,heart,0.1692,,,437.06,344.02,1.2704,251.34,344.02,265.15,0.7306,0.7707,265.15,0.7707,75.5,0.1727,194.0,0.4439,224.0,85.01,0.6511,0.2471,183.33,0.5329,0.6914,0.9479,1.3709,0.7707,0.5329,0.4118,114.76,0.2626,111.07,13.04,0.3229,89.0,0.3073,0.2978,0.8788,129.12,0.1358,0.4622,158.47,0.2471,0.4011,0.0673,0.4931,0.153,0.1174,0.1692,0.3855,low,False,0.0,0.9637,0.2587,0.0029
sampleimg/Round/round (500).jpg,Round,round,square,사각형,False,0.4312,low,0.0146,True,round,0.4166,,,417.77,389.49,1.0726,284.69,389.49,318.28,0.7309,0.8172,318.28,0.8172,109.0,0.2609,186.0,0.4452,242.51,96.42,0.6226,0.2476,227.61,0.5844,0.7151,0.8945,1.2508,0.8172,0.5844,0.4789,115.12,0.2756,185.87,28.16,0.4772,18.5,0.2966,0.1636,0.8602,137.16,0.1002,0.4309,152.92,0.2476,0.0128,0.4166,0.0286,0.0003,0.4312,0.1233,0.416,warning,True,0.6042,0.1338,0.0475,0.0693
sampleimg/Round/round (31).jpg,Round,round,round,둥근형,True,0.5491,high,0.1982,False,oval,0.351,,,140.01,117.02,1.1965,82.01,117.02,92.02,0.7008,0.7864,92.02,0.7864,26.0,0.1857,59.0,0.4214,76.03,31.02,0.6497,0.2651,62.03,0.5301,0.6741,0.8912,1.322,0.7864,0.5301,0.4191,38.05,0.2718,40.01,5.0,0.3419,5.5,0.3072,0.2867,0.8375,134.68,0.1297,0.4357,147.26,0.2651,0.0598,0.5491,0.351,0.0101,0.0742,0.0156,0.6795,warning,True,0.6083,0.7863,0.047,0.0171
sampleimg/Round/round (198).jpg,Round,round,round,둥근형,True,0.6513,high,0.4829,False,square,0.1684,,,222.65,195.66,1.138,141.35,195.66,153.73,0.7225,0.7857,153.73,0.7857,44.5,0.1999,96.0,0.4312,125.32,54.23,0.6405,0.2772,106.68,0.5452,0.6939,0.9195,1.3251,0.7857,0.5452,0.4171,59.41,0.2668,75.33,10.0,0.385,16.5,0.2977,0.2207,0.8608,137.09,0.1274,0.3997,141.34,0.2772,0.0971,0.6513,0.1479,0.001,0.1684,0.0314,0.3485,low,False,0.2975,0.425,0.0843,0.046
sampleimg/Round/round (417).jpg,Round,round,round,둥근형,True,0.6519,high,0.3749,False,square,0.2771,,,200.06,181.1,1.1047,134.18,181.1,145.01,0.7409,0.8007,145.01,0.8007,48.0,0.2399,82.0,0.4099,115.07,47.01,0.6354,0.2596,103.0,0.5687,0.7103,0.9253,1.3027,0.8007,0.5687,0.466,58.14,0.2906,76.0,0.0,0.4197,20.5,0.3149,0.2053,0.8791,139.69,0.1146,0.4049,142.84,0.2596,0.1822,0.6519,0.0293,0.0007,0.2771,0.0409,0.3235,low,False,0.0567,0.7238,0.1132,0.0221
sampleimg/Round/round (283).jpg,Round,round,round,둥근형,True,0.5216,medium,0.051,False,square,0.4706,,,551.99,499.96,1.1041,358.02,499.96,408.4,0.7161,0.8169,408.4,0.8169,117.0,0.212,239.0,0.433,308.02,127.28,0.6161,0.2546,288.17,0.5764,0.7056,0.8766,1.2424,0.8169,0.5764,0.406,147.0,0.2663,178.14,1.41,0.3563,40.5,0.3027,0.2647,0.8525,134.31,0.1161,0.4402,149.72,0.2546,0.158,0.5216,0.006,0.0001,0.4706,0.0018,0.345,low,False,0.325,0.375,0.081,0.05
sampleimg/Round/round (167).jpg,Round,round,square,사각형,False,0.5927,high,0.2321,False,round,0.3606,,,687.07,590.58,1.1634,428.27,590.58,483.29,0.7252,0.8183,483.29,0.8183,155.5,0.2263,287.0,0.4177,385.09,150.47,0.6521,0.2548,339.85,0.5754,0.7032,0.8861,1.2602,0.8183,0.5754,0.4576,187.0,0.2722,246.89,1.0,0.4181,115.5,0.3024,0.309,0.8666,140.79,0.1044,0.4541,145.35,0.2548,0.3878,0.3606,0.0247,0.0058,0.5927,0.0162,0.0,low,False,0.0,0.0,0.1956,0.0948
sampleimg/Round/round (125).jpg,Round,round,round,둥근형,True,0.3098,medium,0.0533,False,long,0.2566,,,212.76,174.35,1.2203,122.69,174.35,140.0,0.7037,0.803,140.0,0.803,46.5,0.2186,90.0,0.423,110.11,37.01,0.6316,0.2123,95.02,0.545,0.6787,0.8763,1.2912,0.803,0.545,0.4894,57.56,0.2705,69.07,1.0,0.3961,49.0,0.2961,0.2501,0.8532,146.61,0.1113,0.4371,135.0,0.2123,0.4703,0.3098,0.2486,0.2566,0.0277,0.1573,0.2565,low,False,0.0,0.6412,0.281,0.0287
sampleimg/Round/round (441).jpg,Round,round,round,둥근형,True,0.4329,low,0.0238,True,heart,0.409,,,83.0,75.0,1.1067,58.01,75.0,57.01,0.7734,0.7601,57.01,0.7601,19.5,0.2349,34.0,0.4096,48.01,19.0,0.6401,0.2533,41.01,0.5468,0.7194,1.0175,1.4144,0.7601,0.5468,0.4755,23.0,0.2771,27.02,0.0,0.3602,1.5,0.3133,0.2917,0.92,143.23,0.1034,0.3976,143.47,0.2533,0.04,0.4329,0.0867,0.0013,0.0701,0.409,0.8335,good,True,0.8333,0.8337,0.02,0.0133
sampleimg/Round/round (406).jpg,Round,round,round,둥근형,True,0.6826,high,0.3723,False,square,0.3103,,,282.71,267.82,1.0556,192.37,267.82,218.11,0.7183,0.8144,218.11,0.8144,57.0,0.2016,135.0,0.4775,163.52,64.28,0.6105,0.24,157.04,0.5863,0.72,0.882,1.225,0.8144,0.5863,0.363,69.87,0.2471,97.33,0.0,0.3634,34.5,0.2879,0.2648,0.8569,135.11,0.1263,0.3997,141.67,0.24,0.1755,0.6826,0.0036,0.0,0.3103,0.0035,0.1575,low,False,0.0,0.3938,0.1288,0.0485
sampleimg/Round/round (316).jpg,Round,round,round,둥근형,True,0.5249,high,0.1657,False,square,0.3593,,,570.2,504.95,1.1292,374.97,504.95,393.51,0.7426,0.7793,393.51,0.7793,114.0,0.1999,239.0,0.4191,331.67,128.19,0.6568,0.2539,272.22,0.5391,0.6918,0.9529,1.3775,0.7793,0.5391,0.4188,151.08,0.265,202.36,1.0,0.4007,23.0,0.2986,0.2718,0.8813,135.27,0.1085,0.4647,151.43,0.2539,0.1109,0.5249,0.0882,0.0003,0.3593,0.0273,0.5645,warning,True,0.6208,0.48,0.0455,0.0416
sampleimg/Round/round (446).jpg,Round,round,oval,계란형 또는 일반형,False,0.4595,high,0.1641,False,square,0.2953,,,299.25,246.09,1.216,173.4,246.09,194.74,0.7046,0.7914,194.74,0.7914,57.0,0.1905,140.0,0.4678,158.68,67.9,0.6448,0.2759,136.19,0.5534,0.6994,0.8904,1.2732,0.7914,0.5534,0.4185,71.85,0.2401,122.19,22.56,0.4965,7.0,0.2774,0.1505,0.8437,133.78,0.1069,0.5079,158.02,0.2759,0.0325,0.1139,0.4595,0.0459,0.2953,0.0855,0.458,warning,True,0.7633,0.0,0.0284,0.0935
sampleimg/Round/round (407).jpg,Round,round,round,둥근형,True,0.4858,medium,0.1013,False,square,0.3845,,,445.02,385.01,1.1559,286.02,385.01,300.08,0.7429,0.7794,300.08,0.7794,86.5,0.1944,193.0,0.4337,240.0,90.05,0.6234,0.2339,212.15,0.551,0.707,0.9531,1.3482,0.7794,0.551,0.4077,116.52,0.2618,142.09,1.0,0.3691,45.5,0.2947,0.2896,0.8883,137.06,0.1195,0.4449,144.46,0.2339,0.1792,0.4858,0.088,0.0014,0.3845,0.0403,0.396,low,False,0.015,0.9675,0.1182,0.0026
sampleimg/Round/round (532).jpg,Round,round,round,둥근형,True,0.4467,high,0.1606,False,oval,0.2861,,,300.93,264.38,1.1382,193.15,264.38,204.71,0.7306,0.7743,204.71,0.7743,61.5,0.2044,123.0,0.4087,177.91,68.26,0.6729,0.2582,140.36,0.5309,0.6856,0.9435,1.3761,0.7743,0.5309,0.4382,82.22,0.2732,72.17,2.0,0.273,6.5,0.3069,0.2571,0.8713,133.28,0.1379,0.3755,145.54,0.2582,0.0946,0.4467,0.2861,0.0018,0.193,0.0724,0.5365,warning,True,0.795,0.1488,0.0246,0.0681
sampleimg/Round/round (550).jpg,Round,round,square,사각형,False,0.8638,high,0.7894,False,round,0.0744,,,412.28,349.15,1.1808,247.65,349.15,285.55,0.7093,0.8178,285.55,0.8178,82.0,0.1989,178.0,0.4317,226.59,88.29,0.649,0.2529,198.48,0.5685,0.6951,0.8673,1.2477,0.8178,0.5685,0.4131,107.91,0.2617,139.49,1.0,0.3995,27.5,0.3007,0.2244,0.8448,128.08,0.1671,0.3274,143.0,0.2529,0.2377,0.0744,0.0505,0.0031,0.8638,0.0082,0.206,low,False,0.3433,0.0,0.0788,0.1432
sampleimg/Round/round (114).jpg,Round,round,round,둥근형,True,0.7191,high,0.5789,False,square,0.1402,,,1031.35,957.14,1.0775,709.21,957.14,747.92,0.741,0.7814,747.92,0.7814,244.5,0.2371,431.0,0.4179,602.14,227.79,0.6291,0.238,534.41,0.5583,0.7145,0.9483,1.3271,0.7814,0.5583,0.4575,295.03,0.2861,356.44,1.0,0.3724,73.5,0.3165,0.3125,0.8781,136.14,0.1192,0.3665,146.68,0.238,0.1619,0.7191,0.0619,0.0003,0.1402,0.0785,0.4225,warning,True,0.36,0.5163,0.0768,0.0387
sampleimg/Round/round (248).jpg,Round,round,round,둥근형,True,0.6032,high,0.3114,False,square,0.2918,,,218.39,190.17,1.1484,132.06,190.17,153.12,0.6944,0.8052,153.12,0.8052,41.0,0.1877,97.0,0.4442,125.14,49.04,0.6581,0.2579,103.12,0.5423,0.6735,0.8625,1.2806,0.8052,0.5423,0.3976,55.08,0.2522,85.09,0.0,0.4475,3.0,0.2888,0.2183,0.8369,130.31,0.1295,0.4304,148.92,0.2579,0.0,0.6032,0.0923,0.0005,0.2918,0.0123,0.763,good,True,0.8683,0.605,0.0158,0.0316
sampleimg/Round/round (312).jpg,Round,round,round,둥근형,True,0.4471,medium,0.0786,False,square,0.3686,,,342.01,307.0,1.114,226.01,307.0,245.03,0.7362,0.7982,245.03,0.7982,82.0,0.2398,140.0,0.4093,204.0,76.01,0.6645,0.2476,172.07,0.5605,0.7022,0.9224,1.3135,0.7982,0.5605,0.4765,99.25,0.2902,119.02,2.24,0.3877,34.5,0.3159,0.2396,0.873,134.92,0.1212,0.3889,150.26,0.2476,0.1792,0.4471,0.075,0.0018,0.3686,0.1074,0.4215,warning,True,0.0633,0.9587,0.1124,0.0033
sampleimg/Round/round (151).jpg,Round,round,round,둥근형,True,0.9416,high,0.906,False,square,0.0357,,,200.35,189.93,1.0549,135.59,189.93,146.76,0.7139,0.7727,146.76,0.7727,36.5,0.1822,90.0,0.4492,117.9,46.32,0.6208,0.2439,101.64,0.5351,0.6925,0.9239,1.3341,0.7727,0.5351,0.3591,51.42,0.2566,87.32,14.32,0.4598,5.5,0.2918,0.1738,0.8595,133.66,0.1352,0.3444,139.47,0.2439,0.0684,0.9416,0.0192,0.0,0.0357,0.0035,0.455,warning,True,0.7583,0.0,0.029,0.1369
sampleimg/Round/round (419).jpg,Round,round,square,사각형,False,0.6216,high,0.2694,False,round,0.3521,,,287.03,258.0,1.1125,179.0,258.0,213.02,0.6938,0.8257,213.02,0.8257,60.5,0.2108,127.0,0.4425,166.0,66.0,0.6434,0.2558,147.01,0.5698,0.6901,0.8403,1.2176,0.8257,0.5698,0.4115,75.03,0.2614,105.0,1.0,0.407,9.0,0.2962,0.2325,0.8256,128.78,0.13,0.4181,152.22,0.2558,0.0543,0.3521,0.0224,0.0001,0.6216,0.0037,0.8255,good,True,0.7092,1.0,0.0349,0.0
sampleimg/Round/round (56).jpg,Round,round,round,둥근형,True,0.7809,high,0.6526,False,square,0.1284,,,217.0,187.0,1.1604,133.02,187.0,149.0,0.7113,0.7968,149.0,0.7968,44.5,0.2051,89.0,0.4101,119.02,48.01,0.6365,0.2567,102.0,0.5455,0.6845,0.8927,1.3041,0.7968,0.5455,0.4363,62.01,0.2858,69.07,0.0,0.3693,6.5,0.318,0.2633,0.8503,135.01,0.1199,0.424,149.7,0.2567,0.0588,0.7809,0.0768,0.0025,0.1284,0.0114,0.7725,good,True,0.71,0.8662,0.0348,0.0107
sampleimg/Round/round (325).jpg,Round,round,square,사각형,False,0.5917,high,0.229,False,round,0.3626,,,236.26,204.41,1.1558,143.35,204.41,164.51,0.7013,0.8048,164.51,0.8048,47.5,0.2011,98.0,0.4148,136.3,52.09,0.6668,0.2548,112.45,0.5501,0.6835,0.8713,1.2748,0.8048,0.5501,0.4224,64.2,0.2717,85.02,0.0,0.4159,9.0,0.3052,0.2341,0.8477,130.92,0.1253,0.4487,154.77,0.2548,0.0391,0.3626,0.0388,0.0013,0.5917,0.0055,0.56,warning,True,0.6333,0.45,0.044,0.044
sampleimg/Round/round (382).jpg,Round,round,round,둥근형,True,0.8276,high,0.7478,False,square,0.0798,,,170.42,159.62,1.0677,119.34,159.62,122.49,0.7477,0.7674,122.49,0.7674,36.5,0.2142,75.0,0.4401,99.25,38.12,0.6218,0.2388,88.36,0.5536,0.7214,0.9742,1.3506,0.7674,0.5536,0.4131,46.1,0.2705,53.15,0.0,0.333,0.5,0.3056,0.3314,0.8866,137.97,0.1149,0.3814,144.55,0.2388,0.0313,0.8276,0.0461,0.0,0.0798,0.0465,0.765,good,True,0.9742,0.4513,0.0031,0.0439
sampleimg/Round/round (498).jpg,Round,round,round,둥근형,True,0.6222,high,0.2584,False,square,0.3638,,,233.02,214.06,1.0886,151.12,214.06,172.03,0.706,0.8036,172.03,0.8036,42.5,0.1824,114.0,0.4892,134.09,52.09,0.6264,0.2433,124.0,0.5793,0.7208,0.8785,1.2187,0.8036,0.5793,0.3427,56.08,0.2407,82.05,0.0,0.3833,14.0,0.2876,0.2761,0.8414,130.17,0.1163,0.4549,154.68,0.2433,0.1028,0.6222,0.0113,0.0,0.3638,0.0028,0.556,warning,True,0.455,0.7075,0.0654,0.0234
sampleimg/Round/round (174).jpg,Round,round,round,둥근형,True,0.8163,high,0.6577,False,square,0.1586,,,214.28,194.16,1.1036,137.18,194.16,155.12,0.7065,0.7989,155.12,0.7989,45.0,0.21,90.0,0.42,123.07,46.0,0.6338,0.2369,107.04,0.5513,0.6901,0.8844,1.2815,0.7989,0.5513,0.4204,59.08,0.2757,74.17,0.0,0.382,1.0,0.3086,0.2837,0.8506,133.56,0.1154,0.434,152.0,0.2369,0.0412,0.8163,0.0201,0.0001,0.1586,0.0049,0.871,good,True,0.9567,0.7425,0.0052,0.0206
sampleimg/Round/round (54).jpg,Round,round,oval,계란형 또는 일반형,False,0.3688,low,0.0239,True,heart,0.3449,,,171.57,148.49,1.1555,107.38,148.49,116.21,0.7232,0.7826,116.21,0.7826,39.5,0.2302,75.0,0.4371,97.25,37.12,0.655,0.25,81.15,0.5465,0.6983,0.924,1.3231,0.7826,0.5465,0.4867,46.01,0.2682,70.11,10.05,0.4722,10.0,0.2978,0.2511,0.8585,141.34,0.1006,0.4488,146.79,0.25,0.1482,0.2424,0.3688,0.0163,0.0275,0.3449,0.428,warning,True,0.4392,0.4113,0.0673,0.0471
sampleimg/Round/round (278).jpg,Round,round,round,둥근형,True,0.5193,medium,0.1372,False,square,0.3821,,,281.01,245.8,1.1432,177.72,245.8,198.84,0.723,0.809,198.84,0.809,62.5,0.2224,118.0,0.4199,152.74,60.83,0.6214,0.2475,135.94,0.5531,0.6837,0.8938,1.3073,0.809,0.5531,0.4597,76.16,0.271,114.13,22.36,0.4643,18.5,0.2971,0.1318,0.8621,136.85,0.1019,0.4697,152.47,0.2475,0.1912,0.5193,0.0567,0.0017,0.3821,0.0402,0.2235,low,False,0.3725,0.0,0.0753,0.0936
sampleimg/Round/round (297).jpg,Round,round,square,사각형,False,0.6377,high,0.2995,False,round,0.3382,,,552.01,486.08,1.1356,361.01,486.08,384.29,0.7427,0.7906,384.29,0.7906,105.5,0.1911,233.0,0.4221,312.13,123.33,0.6421,0.2537,268.42,0.5522,0.6985,0.9394,1.345,0.7906,0.5522,0.393,151.65,0.2747,175.01,1.0,0.36,54.0,0.3102,0.2246,0.8847,130.06,0.1226,0.4493,156.18,0.2537,0.1646,0.3382,0.0171,0.0001,0.6377,0.0069,0.352,low,False,0.0742,0.7688,0.1111,0.0185
sampleimg/Round/round (415).jpg,Round,round,square,사각형,False,0.6284,high,0.2743,False,round,0.3541,,,123.0,109.0,1.1285,80.0,109.0,86.0,0.7339,0.789,86.0,0.789,21.0,0.1707,56.0,0.4553,67.01,26.0,0.6147,0.2385,61.0,0.5596,0.7093,0.9302,1.3115,0.789,0.5596,0.3443,31.02,0.2522,38.01,1.0,0.3487,3.5,0.2928,0.275,0.8716,129.93,0.12,0.4715,152.88,0.2385,0.0459,0.3541,0.0153,0.0,0.6284,0.0022,0.7935,good,True,0.7325,0.885,0.0321,0.0092
sampleimg/Round/round (190).jpg,Round,round,round,둥근형,True,0.7925,high,0.6981,False,oval,0.0945,,,230.1,210.87,1.0912,155.29,210.87,162.5,0.7365,0.7706,162.5,0.7706,49.0,0.213,100.0,0.4346,130.98,50.36,0.6212,0.2388,115.26,0.5466,0.7093,0.9557,1.3473,0.7706,0.5466,0.4251,62.8,0.2729,68.73,1.0,0.3259,13.5,0.3073,0.3432,0.8759,138.8,0.1291,0.3607,138.58,0.2388,0.0332,0.7925,0.0945,0.0002,0.0442,0.0686,0.3005,low,False,0.4667,0.0513,0.064,0.0759
sampleimg/Round/round (41).jpg,Round,round,long,긴형,False,0.7842,high,0.6241,False,oval,0.1602,,,148.0,115.02,1.2868,78.16,115.02,92.05,0.6796,0.8003,92.05,0.8003,29.5,0.1993,67.0,0.4527,73.0,29.0,0.6347,0.2521,63.13,0.5488,0.6858,0.8491,1.2381,0.8003,0.5488,0.4673,39.46,0.2666,46.01,7.0,0.4,24.5,0.298,0.2982,0.8267,141.03,0.1336,0.4459,136.79,0.2521,0.3217,0.0204,0.1602,0.7842,0.0021,0.0332,0.4,warning,True,0.0,1.0,0.213,0.0
sampleimg/Round/round (227).jpg,Round,round,oval,계란형 또는 일반형,False,0.4762,medium,0.1437,False,heart,0.3324,,,279.06,229.02,1.2185,167.11,229.02,176.05,0.7297,0.7687,176.05,0.7687,57.0,0.2043,123.0,0.4408,145.0,59.03,0.6331,0.2578,124.15,0.5421,0.7052,0.9492,1.3461,0.7687,0.5421,0.4591,73.55,0.2636,82.01,19.0,0.3581,44.5,0.3013,0.186,0.8738,134.38,0.1247,0.43,153.23,0.2578,0.31,0.0447,0.4762,0.1021,0.0446,0.3324,0.378,low,False,0.0,0.945,0.1943,0.0044
sampleimg/Round/round (298).jpg,Round,round,square,사각형,False,0.6025,high,0.2152,False,round,0.3873,,,249.06,217.83,1.1434,159.45,217.83,174.73,0.732,0.8022,174.73,0.8022,47.0,0.1887,93.0,0.3734,140.43,51.16,0.6447,0.2348,116.52,0.5349,0.6668,0.9125,1.3684,0.8022,0.5349,0.4034,72.69,0.2919,83.02,0.0,0.3811,16.5,0.3153,0.2595,0.875,132.86,0.1416,0.3935,143.75,0.2348,0.0597,0.3873,0.0095,0.0001,0.6025,0.0007,0.369,low,False,0.3692,0.3688,0.0757,0.0505
sampleimg/Round/round (150).jpg,Round,round,round,둥근형,True,0.5462,high,0.2081,False,oval,0.3381,,,228.43,204.71,1.1159,142.43,204.71,157.81,0.6958,0.7709,157.81,0.7709,48.0,0.2101,103.0,0.4509,134.45,49.09,0.6568,0.2398,110.77,0.5411,0.7019,0.9025,1.2858,0.7709,0.5411,0.4333,57.31,0.2509,76.24,3.0,0.3724,13.0,0.2854,0.3014,0.843,139.44,0.1203,0.3852,141.34,0.2398,0.0684,0.5462,0.3381,0.0021,0.0287,0.0849,0.414,warning,True,0.4708,0.3288,0.0635,0.0537
sampleimg/Round/round (394).jpg,Round,round,round,둥근형,True,0.7296,high,0.5915,False,square,0.1381,,,169.24,157.2,1.0766,117.15,157.2,122.1,0.7452,0.7767,122.1,0.7767,40.5,0.2393,69.0,0.4077,97.05,36.06,0.6173,0.2294,87.14,0.5543,0.7137,0.9595,1.3444,0.7767,0.5543,0.4648,49.04,0.2898,59.08,1.0,0.3758,0.5,0.3134,0.2771,0.8853,139.02,0.1128,0.3723,144.37,0.2294,0.0318,0.7296,0.0617,0.0003,0.1381,0.0703,0.8885,good,True,0.9733,0.7612,0.0032,0.0191
sampleimg/Round/round (170).jpg,Round,round,round,둥근형,True,0.74,high,0.5996,False,oval,0.1403,,,153.05,132.06,1.159,92.05,132.06,104.04,0.697,0.7878,104.04,0.7878,28.5,0.1862,67.0,0.4378,83.05,34.01,0.6289,0.2576,71.03,0.5378,0.6827,0.8847,1.2959,0.7878,0.5378,0.4012,40.0,0.2613,45.04,5.1,0.3411,1.0,0.3006,0.2457,0.8411,132.08,0.125,0.4378,150.02,0.2576,0.0151,0.74,0.1403,0.0012,0.1053,0.0132,0.8485,good,True,0.9367,0.7163,0.0076,0.0227
sampleimg/Round/round (237).jpg,Round,round,square,사각형,False,0.528,medium,0.0836,False,round,0.4444,,,410.01,355.0,1.155,257.07,355.0,283.02,0.7241,0.7972,283.02,0.7972,75.5,0.1841,180.0,0.439,231.05,87.0,0.6509,0.2451,198.06,0.5579,0.6998,0.9083,1.2979,0.7972,0.5579,0.3812,107.47,0.2621,133.02,1.0,0.3747,43.5,0.3028,0.2157,0.8677,132.66,0.1185,0.4512,155.32,0.2451,0.1887,0.4444,0.0217,0.0003,0.528,0.0055,0.3295,low,False,0.0,0.8237,0.1225,0.0141
sampleimg/Round/round (337).jpg,Round,round,square,사각형,False,0.5857,high,0.2192,False,round,0.3665,,,522.08,461.05,1.1324,328.05,461.05,370.01,0.7115,0.8025,370.01,0.8025,101.5,0.1944,227.0,0.4348,303.01,115.02,0.6572,0.2495,255.01,0.5531,0.6892,0.8866,1.2865,0.8025,0.5531,0.398,136.01,0.2605,187.07,0.0,0.4057,13.5,0.2969,0.2176,0.846,130.36,0.1261,0.4329,151.91,0.2495,0.0499,0.3665,0.0427,0.0002,0.5857,0.005,0.821,good,True,0.7558,0.9187,0.0293,0.0065
sampleimg/Round/round (494).jpg,Round,round,long,긴형,False,0.5345,high,0.2459,False,oval,0.2886,,,320.1,257.12,1.2449,180.28,257.12,205.0,0.7011,0.7973,205.0,0.7973,69.5,0.2171,131.0,0.4092,164.01,66.0,0.6379,0.2567,139.03,0.5407,0.6782,0.8794,1.2967,0.7973,0.5407,0.4999,91.27,0.2851,86.0,1.0,0.3345,39.5,0.3125,0.2987,0.845,140.09,0.1292,0.4249,140.26,0.2567,0.2528,0.0823,0.2886,0.5345,0.0139,0.0807,0.361,low,False,0.0,0.9025,0.1536,0.0078
sampleimg/Round/round (507).jpg,Round,round,square,사각형,False,0.7755,high,0.5822,False,round,0.1932,,,76.79,65.76,1.1677,48.66,65.76,53.46,0.7399,0.8129,53.46,0.8129,15.5,0.2018,32.0,0.4167,42.43,18.25,0.6451,0.2775,36.22,0.5508,0.6775,0.9102,1.3435,0.8129,0.5508,0.4279,20.02,0.2608,22.09,1.0,0.3359,6.5,0.3006,0.2892,0.88,132.15,0.1127,0.4818,154.36,0.2775,0.2281,0.1932,0.0181,0.0004,0.7755,0.0128,0.106,low,False,0.1767,0.0,0.0988,0.0912
sampleimg/Round/round (409).jpg,Round,round,round,둥근형,True,0.4214,high,0.1857,False,oval,0.2357,,,487.17,426.0,1.1436,315.04,426.0,330.01,0.7395,0.7747,330.01,0.7747,105.0,0.2155,201.0,0.4126,264.0,103.12,0.6197,0.2421,228.02,0.5353,0.691,0.9546,1.3816,0.7747,0.5353,0.4605,136.03,0.2792,159.08,3.0,0.3734,30.0,0.31,0.278,0.8827,134.95,0.1194,0.4167,149.98,0.2421,0.1268,0.4214,0.2357,0.0035,0.133,0.2063,0.648,warning,True,0.4133,1.0,0.0704,0.0
sampleimg/Round/round (472).jpg,Round,round,round,둥근형,True,0.55,high,0.2644,False,square,0.2856,,,197.23,174.04,1.1332,124.68,174.04,139.92,0.7164,0.8039,139.92,0.8039,42.0,0.2129,83.0,0.4208,112.54,43.1,0.6466,0.2477,95.52,0.5489,0.6827,0.8911,1.3052,0.8039,0.5489,0.4397,53.34,0.2704,70.71,0.0,0.4063,4.5,0.3012,0.2863,0.8496,135.37,0.1366,0.3651,141.56,0.2477,0.0172,0.55,0.1292,0.0012,0.2856,0.034,0.5545,warning,True,0.7842,0.21,0.0259,0.0632
sampleimg/Round/round (217).jpg,Round,round,round,둥근형,True,0.9029,high,0.8516,False,oval,0.0513,,,255.05,228.0,1.1186,170.05,228.0,178.04,0.7458,0.7809,178.04,0.7809,59.0,0.2313,93.0,0.3646,149.05,58.01,0.6537,0.2544,120.1,0.5268,0.6746,0.9551,1.4158,0.7809,0.5268,0.4912,80.16,0.3143,96.02,0.0,0.4211,29.0,0.3333,0.2383,0.8817,141.98,0.1098,0.3999,140.88,0.2544,0.2105,0.9029,0.0513,0.0006,0.0243,0.0209,0.3125,low,False,0.0,0.7812,0.1272,0.0175
sampleimg/Round/round (401).jpg,Round,round,square,사각형,False,0.5732,high,0.2207,False,round,0.3525,,,187.32,164.2,1.1409,118.21,164.2,132.09,0.7199,0.8045,132.09,0.8045,40.5,0.2162,77.0,0.4111,105.12,42.05,0.6402,0.2561,92.09,0.5608,0.6971,0.8949,1.2837,0.8045,0.5608,0.4398,53.01,0.283,67.12,1.0,0.4088,4.0,0.3098,0.2648,0.854,132.56,0.1305,0.4004,147.31,0.2561,0.0609,0.3525,0.0619,0.0015,0.5732,0.011,0.7255,good,True,0.7967,0.6188,0.0244,0.0305
sampleimg/Round/round (219).jpg,Round,round,round,둥근형,True,0.5042,high,0.2399,False,oval,0.2644,,,179.23,160.15,1.1191,118.15,160.15,123.1,0.7377,0.7686,123.1,0.7686,40.5,0.226,74.0,0.4129,101.12,39.05,0.6314,0.2438,86.02,0.5371,0.6988,0.9598,1.3735,0.7686,0.5371,0.4708,51.01,0.2846,57.04,5.0,0.3561,9.0,0.3127,0.2599,0.8753,137.93,0.1152,0.3906,146.51,0.2438,0.1249,0.5042,0.2644,0.0021,0.0476,0.1817,0.563,warning,True,0.5317,0.61,0.0562,0.0312
sampleimg/Round/round (128).jpg,Round,round,round,둥근형,True,0.6073,high,0.4421,False,square,0.1651,,,250.02,221.01,1.1313,161.0,221.01,173.07,0.7285,0.7831,173.07,0.7831,52.5,0.21,112.0,0.448,138.01,54.04,0.6245,0.2445,123.15,0.5572,0.7115,0.9303,1.3074,0.7831,0.5572,0.4263,64.38,0.2575,80.02,0.0,0.3621,27.5,0.2924,0.2874,0.8778,139.32,0.116,0.428,142.24,0.2445,0.1855,0.6073,0.1032,0.0017,0.1651,0.1227,0.355,low,False,0.0,0.8875,0.1244,0.009
sampleimg/Round/round (404).jpg,Round,round,round,둥근형,True,0.8869,high,0.7758,False,square,0.1111,,,189.21,176.28,1.0733,125.4,176.28,140.13,0.7113,0.7949,140.13,0.7949,32.0,0.1691,87.0,0.4598,114.07,47.01,0.6471,0.2667,98.05,0.5562,0.6997,0.8949,1.279,0.7949,0.5562,0.3264,48.04,0.2539,68.03,0.0,0.3859,21.0,0.296,0.315,0.8593,130.62,0.1085,0.4968,153.82,0.2667,0.2156,0.8869,0.0016,0.0,0.1111,0.0003,0.291,low,False,0.0075,0.7163,0.1191,0.0227
sampleimg/Round/round (294).jpg,Round,round,round,둥근형,True,0.5678,high,0.1958,False,square,0.372,,,229.11,203.25,1.1272,153.21,203.25,160.25,0.7538,0.7885,160.25,0.7885,50.5,0.2204,89.0,0.3885,132.31,52.09,0.651,0.2563,111.22,0.5472,0.694,0.956,1.3775,0.7885,0.5472,0.4541,68.12,0.2973,74.01,0.0,0.3641,11.5,0.3233,0.258,0.8867,134.44,0.1146,0.4321,152.13,0.2563,0.0738,0.5678,0.0413,0.0005,0.372,0.0184,0.4955,warning,True,0.5283,0.4463,0.0566,0.0443
sampleimg/Round/round (391).jpg,Round,round,round,둥근형,True,0.7621,high,0.6677,False,heart,0.0944,,,245.34,226.43,1.0835,168.3,226.43,177.41,0.7433,0.7835,177.41,0.7835,59.0,0.2405,102.0,0.4157,140.23,54.33,0.6193,0.2399,126.32,0.5579,0.712,0.9487,1.3323,0.7835,0.5579,0.4671,70.26,0.2864,84.29,1.0,0.3723,13.0,0.3145,0.2668,0.8804,140.64,0.1171,0.3628,140.55,0.2399,0.0618,0.7621,0.0602,0.0004,0.083,0.0944,0.5365,warning,True,0.5217,0.5588,0.0574,0.0353
sampleimg/Round/round (127).jpg,Round,round,oval,계란형 또는 일반형,False,0.3087,low,0.0449,True,round,0.2638,,,199.11,168.58,1.1811,123.58,168.58,134.37,0.7331,0.7971,134.37,0.7971,50.0,0.2511,75.0,0.3767,110.29,44.1,0.6542,0.2616,92.27,0.5473,0.6866,0.9197,1.3394,0.7971,0.5473,0.5419,61.07,0.3067,66.27,0.0,0.3931,6.0,0.3274,0.2761,0.8636,142.0,0.1089,0.4068,145.71,0.2616,0.1068,0.2638,0.3087,0.1628,0.0669,0.1978,0.5845,warning,True,0.7033,0.4062,0.0356,0.0475
sampleimg/Round/round (331).jpg,Round,round,round,둥근형,True,0.5672,medium,0.1394,False,square,0.4278,,,214.06,194.09,1.1029,139.18,194.09,157.01,0.7171,0.809,157.01,0.809,41.0,0.1915,94.0,0.4391,129.06,50.01,0.665,0.2577,110.0,0.5667,0.7006,0.8864,1.2652,0.809,0.5667,0.3727,56.08,0.262,80.0,0.0,0.4122,19.0,0.299,0.2457,0.8612,132.71,0.1167,0.4578,149.9,0.2577,0.1649,0.5672,0.004,0.0,0.4278,0.001,0.4075,warning,True,0.1842,0.7425,0.0979,0.0206
sampleimg/Round/round (402).jpg,Round,round,round,둥근형,True,0.5753,high,0.1724,False,square,0.4028,,,431.86,391.95,1.1018,282.18,391.95,321.9,0.7199,0.8213,321.9,0.8213,96.0,0.2223,203.0,0.4701,245.28,99.08,0.6258,0.2528,233.48,0.5957,0.7253,0.8766,1.2086,0.8213,0.5957,0.4112,109.07,0.2526,142.51,1.0,0.3636,57.0,0.2942,0.2631,0.8608,136.84,0.1081,0.4585,147.92,0.2528,0.2704,0.5753,0.0067,0.0001,0.4028,0.015,0.081,low,False,0.0,0.2025,0.1454,0.0638
sampleimg/Round/round (38).jpg,Round,round,round,둥근형,True,0.4798,high,0.2821,False,oval,0.1977,,,238.92,212.6,1.1238,152.55,212.6,168.36,0.7176,0.7919,168.36,0.7919,53.5,0.2239,106.0,0.4437,135.37,51.09,0.6367,0.2403,119.15,0.5604,0.7077,0.9061,1.2803,0.7919,0.5604,0.449,64.01,0.2679,89.45,0.0,0.4208,16.0,0.3018,0.2572,0.8547,134.48,0.1259,0.3809,146.46,0.2403,0.1599,0.4798,0.1977,0.0027,0.1684,0.1515,0.3885,low,False,0.3725,0.4125,0.0753,0.047
sampleimg/Round/round (557).jpg,Round,round,square,사각형,False,0.5551,high,0.3387,False,round,0.2164,,,194.0,171.0,1.1345,123.0,171.0,139.06,0.7193,0.8132,139.06,0.8132,46.0,0.2371,85.0,0.4381,112.04,43.01,0.6552,0.2515,98.05,0.5734,0.7051,0.8845,1.2545,0.8132,0.5734,0.4692,52.09,0.2685,70.01,0.0,0.4094,16.5,0.299,0.3205,0.8538,133.46,0.1222,0.4021,150.57,0.2515,0.1579,0.2164,0.097,0.0045,0.5551,0.127,0.43,warning,True,0.1958,0.7812,0.0965,0.0175
sampleimg/Round/round (242).jpg,Round,round,square,사각형,False,0.6395,high,0.3242,False,round,0.3153,,,215.19,182.18,1.1812,131.1,182.18,145.22,0.7196,0.7971,145.22,0.7971,41.0,0.1905,86.0,0.3997,119.1,46.04,0.6538,0.2527,100.18,0.5499,0.6898,0.9027,1.3086,0.7971,0.5499,0.4093,60.3,0.2802,67.01,0.0,0.3678,13.0,0.3169,0.2192,0.8569,131.32,0.1258,0.4508,155.18,0.2527,0.0768,0.3153,0.0412,0.002,0.6395,0.002,0.506,warning,True,0.405,0.6575,0.0714,0.0274
sampleimg/Round/round (177).jpg,Round,round,round,둥근형,True,0.7145,high,0.48,False,oval,0.2345,,,387.94,328.74,1.1801,235.13,328.74,255.1,0.7152,0.776,255.1,0.776,79.5,0.2049,155.0,0.3995,206.55,78.23,0.6283,0.238,173.0,0.5263,0.6782,0.9217,1.3591,0.776,0.5263,0.4595,110.16,0.284,119.02,0.0,0.362,59.0,0.3145,0.2016,0.8554,142.23,0.1069,0.4511,142.21,0.238,0.3224,0.7145,0.2345,0.0112,0.0184,0.0215,0.172,low,False,0.0,0.43,0.1795,0.0456
sampleimg/Round/round (450).jpg,Round,round,square,사각형,False,0.7207,high,0.4697,False,round,0.251,,,108.12,96.05,1.1257,67.07,96.05,79.03,0.6983,0.8228,79.03,0.8228,24.0,0.222,45.0,0.4162,61.03,22.02,0.6354,0.2293,54.0,0.5622,0.6833,0.8487,1.242,0.8228,0.5622,0.4444,29.02,0.2684,40.01,0.0,0.4166,9.0,0.296,0.2421,0.8439,132.55,0.1297,0.3885,149.83,0.2293,0.1666,0.251,0.0203,0.0006,0.7207,0.0074,0.4275,warning,True,0.2192,0.74,0.0937,0.0208
sampleimg/Round/round (481).jpg,Round,round,round,둥근형,True,0.6608,high,0.4297,False,square,0.2311,,,69.58,62.51,1.1131,44.41,62.51,49.37,0.7104,0.7897,49.37,0.7897,15.0,0.2156,27.0,0.388,41.3,17.03,0.6607,0.2724,34.13,0.546,0.6914,0.8996,1.301,0.7897,0.546,0.4395,20.1,0.2889,24.33,0.0,0.3892,3.0,0.3191,0.2521,0.8393,134.18,0.1384,0.3449,144.25,0.2724,0.16,0.6608,0.104,0.0007,0.2311,0.0034,0.36,low,False,0.6,0.0,0.048,0.08
sampleimg/Round/round (51).jpg,Round,round,square,사각형,False,0.5043,low,0.0323,True,round,0.472,,,115.02,99.01,1.1617,73.01,99.01,78.01,0.7374,0.7879,78.01,0.7879,21.5,0.1869,44.0,0.3826,65.01,24.0,0.6566,0.2424,53.0,0.5353,0.6794,0.9359,1.3775,0.7879,0.5353,0.4057,33.02,0.287,38.05,0.0,0.3844,0.5,0.3218,0.2499,0.8788,132.52,0.1256,0.4347,150.57,0.2424,0.0303,0.472,0.0219,0.0003,0.5043,0.0016,0.924,good,True,0.9575,0.8738,0.0051,0.0101
sampleimg/Round/round (363).jpg,Round,round,square,사각형,False,0.63,high,0.297,False,round,0.333,,,513.0,444.04,1.1553,323.01,444.04,363.05,0.7274,0.8176,363.05,0.8176,113.0,0.2203,195.0,0.3801,290.04,117.0,0.6532,0.2635,247.05,0.5564,0.6805,0.8897,1.3075,0.8176,0.5564,0.4574,153.01,0.2983,166.19,1.0,0.3743,12.0,0.3236,0.3483,0.8536,134.04,0.1316,0.3957,146.76,0.2635,0.045,0.333,0.032,0.0015,0.63,0.0035,0.8085,good,True,0.775,0.8588,0.027,0.0113
sampleimg/Round/round (141).jpg,Round,round,round,둥근형,True,0.5653,medium,0.1456,False,square,0.4198,,,190.0,168.0,1.131,122.0,168.0,133.0,0.7262,0.7917,133.0,0.7917,32.0,0.1684,83.0,0.4368,106.0,40.01,0.631,0.2382,91.01,0.5417,0.6843,0.9173,1.3406,0.7917,0.5417,0.3516,48.01,0.2527,58.03,4.0,0.3454,5.0,0.2948,0.23,0.8691,130.77,0.1186,0.4684,153.07,0.2382,0.0476,0.5653,0.0134,0.0,0.4198,0.0015,0.821,good,True,0.7517,0.925,0.0298,0.006
sampleimg/Round/round (139).jpg,Round,round,oval,계란형 또는 일반형,False,0.6003,high,0.3264,False,round,0.2739,,,203.12,167.01,1.2162,122.0,167.01,125.02,0.7305,0.7485,125.02,0.7485,40.0,0.1969,78.0,0.384,113.0,44.01,0.6766,0.2635,85.02,0.5091,0.6801,0.9759,1.4349,0.7485,0.5091,0.4705,60.13,0.296,54.01,0.0,0.3234,10.5,0.3304,0.3671,0.8742,138.96,0.113,0.4382,150.16,0.2635,0.0778,0.2739,0.6003,0.065,0.0078,0.053,0.6855,warning,True,0.4758,1.0,0.0629,0.0
sampleimg/Round/round (36).jpg,Round,round,long,긴형,False,0.4787,high,0.1512,False,heart,0.3275,,,132.37,106.79,1.2395,76.79,106.79,83.29,0.7191,0.78,83.29,0.78,31.5,0.238,58.0,0.4382,68.47,29.27,0.6411,0.2741,58.14,0.5444,0.698,0.9219,1.3209,0.78,0.5444,0.5418,34.0,0.2569,44.41,8.06,0.4158,18.0,0.288,0.2325,0.8608,147.09,0.0974,0.4382,141.34,0.2741,0.3371,0.0044,0.1885,0.4787,0.0009,0.3275,0.0255,low,False,0.0,0.0638,0.1685,0.0749
sampleimg/Round/round (169).jpg,Round,round,,,False,,,,,,,MULTIPLE_FACES_DETECTED,여러 명의 얼굴이 감지되었습니다. 한 명의 얼굴만 포함된 이미지를 사용해주세요.,,,,,,,,,,,,,,,,,,,,,,,,,,,,,,,,,,,,,,,,,,,,,,,,,,,,,
sampleimg/Round/round (102).jpg,Round,round,heart,하트형,False,0.3926,low,0.0135,True,oval,0.3791,,,382.08,333.04,1.1473,253.03,333.04,252.02,0.7598,0.7567,252.02,0.7567,82.5,0.2159,152.0,0.3978,223.02,82.0,0.6697,0.2462,169.01,0.5075,0.6706,1.004,1.4971,0.7567,0.5075,0.4881,111.0,0.2905,144.12,17.03,0.4328,9.5,0.3141,0.2125,0.895,138.76,0.1089,0.4214,147.13,0.2462,0.051,0.2159,0.3791,0.0017,0.0108,0.3926,0.8125,good,True,0.7625,0.8875,0.0285,0.009
sampleimg/Round/round (284).jpg,Round,round,square,사각형,False,0.6904,high,0.4847,False,round,0.2057,,,463.35,400.0,1.1584,302.06,400.0,318.08,0.7551,0.7952,318.08,0.7952,102.5,0.2212,181.0,0.3906,270.02,101.08,0.675,0.2527,221.18,0.553,0.6954,0.9496,1.3657,0.7952,0.553,0.4634,136.18,0.2939,153.16,0.0,0.3829,55.0,0.3237,0.2947,0.8901,132.37,0.1288,0.4057,151.98,0.2527,0.24,0.2057,0.0574,0.0029,0.6904,0.0436,0.3625,low,False,0.0,0.9062,0.1375,0.0075
sampleimg/Round/round (539).jpg,Round,round,round,둥근형,True,0.5401,high,0.3119,False,square,0.2282,,,100.18,85.15,1.1766,60.13,85.15,67.03,0.7062,0.7872,67.03,0.7872,18.0,0.1797,43.0,0.4292,52.09,21.0,0.6117,0.2466,46.04,0.5408,0.6869,0.8971,1.306,0.7872,0.5408,0.3909,27.0,0.2695,31.06,0.0,0.3648,7.5,0.3101,0.2579,0.8359,129.07,0.1337,0.4292,152.82,0.2466,0.1762,0.5401,0.224,0.0018,0.2282,0.006,0.3835,low,False,0.2658,0.56,0.0881,0.0352
sampleimg/Round/round (362).jpg,Round,round,round,둥근형,True,0.6754,high,0.4736,False,oval,0.2018,,,250.03,209.0,1.1963,152.0,209.0,165.0,0.7273,0.7895,165.0,0.7895,53.0,0.212,96.0,0.384,140.0,57.08,0.6699,0.2731,114.0,0.5454,0.6909,0.9212,1.3334,0.7895,0.5454,0.4649,77.06,0.3082,82.05,2.0,0.3926,9.5,0.3401,0.2605,0.8517,137.13,0.1185,0.4199,148.65,0.2731,0.0622,0.6754,0.2018,0.0278,0.0838,0.0113,0.7485,good,True,0.6208,0.94,0.0455,0.0048
sampleimg/Round/round (452).jpg,Round,round,square,사각형,False,0.8017,high,0.6102,False,round,0.1915,,,196.01,170.03,1.1528,124.0,170.03,136.09,0.7293,0.8004,136.09,0.8004,36.5,0.1862,78.0,0.3979,112.07,41.05,0.6591,0.2414,94.13,0.5536,0.6917,0.9112,1.3173,0.8004,0.5536,0.3877,55.15,0.2813,67.07,0.0,0.3945,16.0,0.3167,0.2247,0.8705,128.76,0.1293,0.4439,156.18,0.2414,0.1412,0.1915,0.0062,0.0001,0.8017,0.0005,0.412,warning,True,0.2158,0.7063,0.0941,0.0235
sampleimg/Round/round (192).jpg,Round,round,square,사각형,False,0.5806,high,0.4007,False,oval,0.1799,,,1100.0,922.52,1.1924,673.62,922.52,742.17,0.7302,0.8045,742.17,0.8045,245.0,0.2227,459.0,0.4173,606.16,231.11,0.6571,0.2505,520.05,0.5637,0.7007,0.9076,1.2953,0.8045,0.5637,0.4711,304.03,0.2764,355.04,39.05,0.3849,60.0,0.3055,0.2398,0.8647,134.24,0.1344,0.3927,147.36,0.2505,0.1214,0.0967,0.1799,0.0459,0.5806,0.097,0.599,warning,True,0.4583,0.81,0.065,0.0152
sampleimg/Square/square (415).jpg,Square,square,round,둥근형,False,0.6636,high,0.3862,False,square,0.2774,,,215.0,200.0,1.075,152.0,200.0,153.0,0.76,0.765,153.0,0.765,42.5,0.1977,91.0,0.4233,129.02,49.01,0.6451,0.245,107.0,0.535,0.6993,0.9935,1.4206,0.765,0.535,0.3972,56.01,0.2605,62.0,1.0,0.31,8.0,0.2977,0.258,0.9,135.18,0.106,0.4419,152.59,0.245,0.07,0.6636,0.037,0.0,0.2774,0.022,0.75,good,True,0.6667,0.875,0.04,0.01
sampleimg/Square/square (235).jpg,Square,square,round,둥근형,False,0.6234,high,0.2684,False,square,0.355,,,589.35,536.26,1.099,384.58,536.26,420.64,0.7172,0.7844,420.64,0.7844,108.0,0.1833,254.0,0.431,341.79,127.35,0.6374,0.2375,289.11,0.5391,0.6873,0.9143,1.3302,0.7844,0.5391,0.3736,152.88,0.2594,184.74,24.52,0.3445,64.0,0.2955,0.2303,0.8547,132.49,0.0974,0.5379,166.44,0.2375,0.0821,0.6234,0.0198,0.0,0.355,0.0017,0.0035,low,False,0.0058,0.0,0.1193,0.1436
sampleimg/Square/square (232).jpg,Square,square,round,둥근형,False,0.7187,high,0.5027,False,square,0.216,,,543.03,486.23,1.1168,369.09,486.23,378.43,0.7591,0.7783,378.43,0.7783,111.0,0.2044,217.0,0.3996,324.22,116.07,0.6668,0.2387,259.49,0.5337,0.6857,0.9753,1.4223,0.7783,0.5337,0.4278,153.39,0.2825,183.1,0.0,0.3766,43.0,0.3096,0.2399,0.9011,137.85,0.1149,0.4162,144.46,0.2387,0.1316,0.7187,0.0391,0.0001,0.216,0.0261,0.4345,warning,True,0.2633,0.6913,0.0884,0.0247
sampleimg/Square/square (519).jpg,Square,square,oval,계란형 또는 일반형,False,0.4527,medium,0.1152,False,round,0.3375,,,376.53,320.56,1.1746,223.57,320.56,255.2,0.6974,0.7961,255.2,0.7961,82.0,0.2178,155.0,0.4117,198.49,73.03,0.6192,0.2278,173.07,0.5399,0.6782,0.8761,1.2918,0.7961,0.5399,0.4738,107.0,0.2842,140.09,22.02,0.437,28.0,0.3109,0.2186,0.835,133.36,0.1349,0.3824,148.32,0.2278,0.1685,0.3375,0.4527,0.0323,0.1002,0.0773,0.345,low,False,0.2725,0.4537,0.0873,0.0437
sampleimg/Square/square (526).jpg,Square,square,square,사각형,True,0.8436,high,0.7106,False,round,0.133,,,152.0,129.0,1.1783,95.0,129.0,103.0,0.7364,0.7984,103.0,0.7984,27.0,0.1776,68.0,0.4474,84.0,31.0,0.6512,0.2403,73.0,0.5659,0.7087,0.9223,1.3014,0.7984,0.5659,0.3699,39.01,0.2567,51.0,0.0,0.3953,3.5,0.2961,0.2653,0.876,130.68,0.1277,0.4605,151.63,0.2403,0.0388,0.133,0.0188,0.0004,0.8436,0.0042,0.8645,good,True,0.7742,1.0,0.0271,0.0
sampleimg/Square/square (623).jpg,Square,square,round,둥근형,False,0.5013,high,0.2843,False,oval,0.2171,,,351.0,303.01,1.1584,220.02,303.01,241.01,0.7261,0.7954,241.01,0.7954,78.0,0.2222,140.0,0.3989,199.0,77.01,0.6568,0.2541,164.01,0.5413,0.6805,0.9129,1.3415,0.7954,0.5413,0.4756,102.0,0.2906,138.0,19.0,0.4554,2.5,0.3134,0.1691,0.8614,136.22,0.1212,0.4131,146.87,0.2541,0.0165,0.5013,0.2171,0.0085,0.1989,0.0741,0.9585,good,True,0.9308,1.0,0.0083,0.0
sampleimg/Square/square (766).jpg,Square,square,square,사각형,True,0.5234,high,0.2805,False,long,0.2429,,,554.28,454.41,1.2198,332.04,454.41,365.82,0.7307,0.8051,365.82,0.8051,128.5,0.2318,219.0,0.3951,304.47,116.1,0.67,0.2555,256.63,0.5648,0.7015,0.9077,1.2938,0.8051,0.5648,0.5007,157.41,0.284,175.11,0.0,0.3854,21.0,0.3094,0.2402,0.8671,137.62,0.1094,0.4619,152.32,0.2555,0.1849,0.0608,0.1296,0.2429,0.5234,0.0434,0.369,low,False,0.615,0.0,0.0462,0.1144
sampleimg/Square/square (524).jpg,Square,square,square,사각형,True,0.6006,high,0.251,False,round,0.3495,,,288.39,247.29,1.1662,181.47,247.29,197.09,0.7338,0.797,197.09,0.797,55.0,0.1907,122.0,0.423,157.16,59.03,0.6355,0.2387,136.01,0.55,0.6901,0.9207,1.3342,0.797,0.55,0.4044,76.03,0.2636,98.18,0.0,0.397,26.5,0.2983,0.2808,0.8753,134.8,0.1183,0.4612,148.84,0.2387,0.1981,0.3495,0.0397,0.0007,0.6006,0.0095,0.3225,low,False,0.1067,0.6462,0.1072,0.0283
sampleimg/Square/square (514).jpg,Square,square,square,사각형,True,0.5762,high,0.2772,False,round,0.2989,,,163.05,137.0,1.1901,103.02,137.0,110.0,0.7519,0.8029,110.0,0.8029,35.5,0.2177,62.0,0.3803,88.01,34.0,0.6424,0.2482,75.03,0.5476,0.682,0.9365,1.3731,0.8029,0.5476,0.4732,48.04,0.2946,55.01,1.0,0.4015,14.5,0.3189,0.2377,0.8906,138.37,0.1248,0.4171,143.13,0.2482,0.1825,0.2989,0.07,0.0133,0.5762,0.0416,0.4345,warning,True,0.1183,0.9087,0.1058,0.0073
sampleimg/Square/square (370).jpg,Square,square,square,사각형,True,0.7146,high,0.4408,False,round,0.2739,,,201.06,180.1,1.1164,132.14,180.1,144.06,0.7337,0.7999,144.06,0.7999,40.0,0.1989,87.0,0.4327,116.11,48.04,0.6447,0.2667,102.08,0.5668,0.7086,0.9173,1.2945,0.7999,0.5668,0.3919,54.0,0.2686,72.03,0.0,0.3999,10.0,0.2985,0.2465,0.8782,133.01,0.1185,0.4228,151.39,0.2667,0.111,0.2739,0.0078,0.0001,0.7146,0.0036,0.5835,warning,True,0.5375,0.6525,0.0555,0.0278
sampleimg/Square/square (769).jpg,Square,square,square,사각형,True,0.4935,high,0.2411,False,round,0.2524,,,255.02,217.22,1.174,160.13,217.22,172.94,0.7372,0.7961,172.94,0.7961,55.0,0.2157,105.0,0.4117,145.99,54.45,0.6721,0.2507,121.59,0.5598,0.7031,0.9259,1.3169,0.7961,0.5598,0.4523,71.25,0.2794,83.15,0.0,0.3828,7.0,0.3153,0.2376,0.8714,134.69,0.1431,0.3647,143.02,0.2507,0.1197,0.2524,0.1679,0.015,0.4935,0.0712,0.4475,warning,True,0.7317,0.0213,0.0322,0.0783
sampleimg/Square/square (58).jpg,Square,square,square,사각형,True,0.6016,high,0.3703,False,round,0.2313,,,745.7,625.93,1.1913,450.89,625.93,498.72,0.7204,0.7968,498.72,0.7968,144.0,0.1931,308.0,0.413,384.76,139.92,0.6147,0.2235,342.69,0.5475,0.6871,0.9041,1.3157,0.7968,0.5475,0.4202,202.89,0.2721,239.53,12.04,0.3827,9.0,0.3048,0.2718,0.8603,132.39,0.1465,0.3849,144.46,0.2235,0.0895,0.2313,0.1426,0.0082,0.6016,0.0164,0.5605,warning,True,0.88,0.0813,0.0144,0.0735
sampleimg/Square/square (238).jpg,Square,square,square,사각형,True,0.8253,high,0.6779,False,round,0.1474,,,222.23,186.32,1.1927,133.09,186.32,152.4,0.7143,0.8179,152.4,0.8179,45.5,0.2047,88.0,0.396,120.34,44.18,0.6458,0.2371,103.39,0.5549,0.6784,0.8733,1.2873,0.8179,0.5549,0.4401,64.38,0.2897,82.22,0.0,0.4413,20.0,0.3158,0.2281,0.8595,129.05,0.1315,0.4455,155.8,0.2371,0.1395,0.1474,0.0195,0.0038,0.8253,0.0041,0.222,low,False,0.1058,0.3962,0.1073,0.0483
sampleimg/Square/square (636).jpg,Square,square,round,둥근형,False,0.3996,low,0.0294,True,square,0.3702,,,259.02,222.0,1.1667,159.0,222.0,181.0,0.7162,0.8153,181.0,0.8153,59.5,0.2297,105.0,0.4054,143.0,51.0,0.6442,0.2297,123.0,0.5541,0.6796,0.8784,1.2926,0.8153,0.5541,0.4837,75.01,0.2896,95.01,1.41,0.428,2.0,0.3089,0.2246,0.8514,136.44,0.1228,0.4015,146.6,0.2297,0.009,0.3996,0.143,0.0163,0.3702,0.0708,0.9325,good,True,0.925,0.9437,0.009,0.0045
sampleimg/Square/square (600).jpg,Square,square,round,둥근형,False,0.5882,high,0.2742,False,square,0.314,,,406.12,360.14,1.1277,253.07,360.14,292.21,0.7027,0.8114,292.21,0.8114,89.5,0.2204,168.0,0.4137,216.04,81.02,0.5999,0.225,198.25,0.5505,0.6785,0.8661,1.2765,0.8114,0.5505,0.4514,112.29,0.2765,145.34,0.0,0.4036,26.0,0.2982,0.2231,0.8416,135.99,0.1264,0.3964,143.84,0.225,0.1,0.5882,0.0786,0.0013,0.314,0.0178,0.5835,warning,True,0.3983,0.8612,0.0722,0.0111
sampleimg/Square/square (296).jpg,Square,square,square,사각형,True,0.5488,high,0.3511,False,round,0.1977,,,739.02,638.0,1.1583,477.0,638.0,507.0,0.7477,0.7947,507.0,0.7947,170.0,0.23,304.0,0.4114,406.03,156.03,0.6364,0.2446,359.0,0.5627,0.7081,0.9408,1.3287,0.7947,0.5627,0.4735,208.06,0.2815,223.14,1.0,0.3498,17.0,0.3072,0.2286,0.884,137.81,0.1186,0.4019,146.87,0.2446,0.0376,0.1977,0.1166,0.0115,0.5488,0.1254,0.828,good,True,0.7783,0.9025,0.0266,0.0078
sampleimg/Square/square (304).jpg,Square,square,long,긴형,False,0.7268,high,0.6241,False,oval,0.1027,,,117.52,94.43,1.2445,68.36,94.43,77.32,0.7239,0.8188,77.32,0.8188,28.5,0.2425,50.0,0.4255,60.3,24.02,0.6386,0.2544,55.15,0.584,0.7132,0.8841,1.2396,0.8188,0.584,0.5168,33.06,0.2813,40.05,8.06,0.4241,4.0,0.3074,0.2103,0.8514,137.87,0.1458,0.3489,139.9,0.2544,0.1271,0.0059,0.1027,0.7268,0.0742,0.0903,0.4705,warning,True,0.6467,0.2063,0.0424,0.0635
sampleimg/Square/square (56).jpg,Square,square,square,사각형,True,0.5877,high,0.2888,False,round,0.2989,,,551.52,488.26,1.1296,357.27,488.26,388.13,0.7317,0.7949,388.13,0.7949,111.0,0.2013,248.0,0.4497,315.19,124.0,0.6455,0.254,273.09,0.5593,0.7036,0.9205,1.3083,0.7949,0.5593,0.4065,139.0,0.252,185.0,6.0,0.3789,14.0,0.2902,0.2466,0.867,132.37,0.1231,0.4261,149.76,0.254,0.0614,0.2989,0.0754,0.0003,0.5877,0.0377,0.744,good,True,0.7608,0.7188,0.0287,0.0225
sampleimg/Square/square (934).jpg,Square,square,round,둥근형,False,0.6175,high,0.2733,False,square,0.3441,,,518.26,463.6,1.1179,345.1,463.6,367.08,0.7444,0.7918,367.08,0.7918,114.5,0.2209,200.0,0.3859,296.97,108.12,0.6406,0.2332,252.45,0.5445,0.6877,0.9401,1.367,0.7918,0.5445,0.4536,153.83,0.2968,193.84,0.0,0.4181,6.5,0.3203,0.2243,0.883,135.9,0.1065,0.4515,153.91,0.2332,0.041,0.6175,0.0262,0.0003,0.3441,0.0119,0.671,warning,True,0.8833,0.3525,0.014,0.0518
sampleimg/Square/square (626).jpg,Square,square,square,사각형,True,0.5448,high,0.2332,False,round,0.3116,,,127.02,106.0,1.1982,72.01,106.0,88.01,0.6793,0.8302,88.01,0.8302,25.5,0.2008,53.0,0.4173,66.03,26.02,0.6229,0.2455,59.01,0.5567,0.6705,0.8182,1.2203,0.8302,0.5567,0.4321,36.0,0.2834,49.04,1.0,0.4626,2.0,0.3071,0.2549,0.8021,131.2,0.1369,0.4173,149.42,0.2455,0.0377,0.3116,0.1305,0.0107,0.5448,0.0024,0.811,good,True,0.8425,0.7638,0.0189,0.0189
sampleimg/Square/square (152).jpg,Square,square,round,둥근형,False,0.5509,high,0.221,False,square,0.3298,,,701.23,604.1,1.1608,439.06,604.1,480.13,0.7268,0.7948,480.13,0.7948,144.5,0.2061,285.0,0.4064,396.01,149.0,0.6555,0.2467,329.12,0.5448,0.6855,0.9145,1.334,0.7948,0.5448,0.439,197.25,0.2813,234.55,0.0,0.3883,16.0,0.3126,0.2624,0.8642,134.76,0.1196,0.4335,150.63,0.2467,0.0199,0.5509,0.0962,0.0027,0.3298,0.0204,0.851,good,True,0.7792,0.9587,0.0265,0.0033
sampleimg/Square/square (630).jpg,Square,square,round,둥근형,False,0.7879,high,0.5928,False,square,0.1952,,,253.02,243.0,1.0412,175.0,243.0,190.0,0.7202,0.7819,190.0,0.7819,54.5,0.2154,108.0,0.4268,153.0,60.0,0.6296,0.2469,134.0,0.5515,0.7053,0.9211,1.306,0.7819,0.5515,0.4067,67.03,0.2649,76.03,1.0,0.3129,12.5,0.2964,0.3032,0.8683,134.55,0.1088,0.411,151.87,0.2469,0.0864,0.7879,0.0117,0.0,0.1952,0.0051,0.743,good,True,0.5717,1.0,0.0514,0.0
sampleimg/Square/square (680).jpg,Square,square,round,둥근형,False,0.4724,high,0.2107,False,oval,0.2617,,,205.41,176.14,1.1662,129.14,176.14,139.03,0.7332,0.7893,139.03,0.7893,47.5,0.2312,78.0,0.3797,108.04,42.01,0.6134,0.2385,95.01,0.5394,0.6833,0.9288,1.3593,0.7893,0.5394,0.5,61.01,0.297,73.17,7.07,0.4154,12.0,0.3168,0.2328,0.8695,141.15,0.1123,0.4041,144.29,0.2385,0.1476,0.4724,0.2617,0.0302,0.1557,0.08,0.5745,warning,True,0.4325,0.7875,0.0681,0.017
sampleimg/Square/square (687).jpg,Square,square,square,사각형,True,0.8976,high,0.8047,False,round,0.0929,,,68.01,59.0,1.1527,44.01,59.0,48.0,0.746,0.8136,48.0,0.8136,14.0,0.2059,27.0,0.397,39.0,14.04,0.661,0.2379,33.02,0.5596,0.6878,0.9169,1.3331,0.8136,0.5596,0.424,20.02,0.2945,21.0,0.0,0.3559,5.5,0.3088,0.3038,0.8815,132.44,0.1356,0.4117,146.31,0.2379,0.1525,0.0929,0.007,0.0002,0.8976,0.0023,0.534,warning,True,0.2233,1.0,0.0932,0.0
sampleimg/Square/square (770).jpg,Square,square,square,사각형,True,0.3868,medium,0.0658,False,oval,0.321,,,158.2,130.14,1.2156,99.13,130.14,103.08,0.7617,0.7921,103.08,0.7921,36.0,0.2276,63.0,0.3982,88.02,34.01,0.6764,0.2614,72.06,0.5537,0.6991,0.9617,1.3756,0.7921,0.5537,0.4996,45.04,0.2847,56.22,0.0,0.432,3.0,0.304,0.2241,0.8845,138.69,0.1199,0.4298,146.31,0.2614,0.0768,0.0305,0.321,0.1116,0.3868,0.1501,0.8075,good,True,0.8075,0.8075,0.0231,0.0154
sampleimg/Square/square (681).jpg,Square,square,square,사각형,True,0.5837,high,0.3623,False,round,0.2214,,,107.0,93.01,1.1505,70.0,93.01,74.0,0.7526,0.7957,74.0,0.7957,24.0,0.2243,44.0,0.4112,59.01,20.0,0.6345,0.215,52.01,0.5592,0.7028,0.9459,1.3459,0.7957,0.5592,0.4615,30.0,0.2804,37.0,6.0,0.3978,0.5,0.3084,0.2424,0.8817,137.01,0.1218,0.4019,147.03,0.215,0.0108,0.2214,0.1094,0.0039,0.5837,0.0817,0.919,good,True,0.955,0.865,0.0054,0.0108
sampleimg/Square/square (305).jpg,Square,square,square,사각형,True,0.7068,high,0.5855,False,round,0.1213,,,383.89,329.81,1.164,237.39,329.81,267.3,0.7198,0.8105,267.3,0.8105,89.5,0.2331,157.0,0.409,206.65,82.61,0.6266,0.2505,189.4,0.5743,0.7086,0.8881,1.2534,0.8105,0.5743,0.4725,111.45,0.2903,118.71,0.0,0.3599,27.0,0.3157,0.2896,0.8574,131.81,0.1564,0.3178,142.41,0.2505,0.2244,0.1213,0.0985,0.0229,0.7068,0.0504,0.1905,low,False,0.3175,0.0,0.0819,0.1001
sampleimg/Square/square (921).jpg,Square,square,square,사각형,True,0.6435,high,0.3315,False,round,0.3119,,,111.29,99.25,1.1213,72.11,99.25,80.16,0.7266,0.8076,80.16,0.8076,24.5,0.2201,45.0,0.4044,66.19,26.08,0.6669,0.2627,55.08,0.555,0.6872,0.8996,1.3092,0.8076,0.555,0.4448,31.06,0.2791,41.05,5.0,0.4136,1.5,0.306,0.1684,0.868,133.27,0.135,0.3684,145.98,0.2627,0.0705,0.3119,0.0289,0.0004,0.6435,0.0153,0.6725,warning,True,0.8742,0.37,0.0151,0.0504
sampleimg/Square/square (241).jpg,Square,square,oval,계란형 또는 일반형,False,0.3269,medium,0.0656,False,heart,0.2613,,,287.03,245.0,1.1715,187.01,245.0,189.01,0.7633,0.7715,189.01,0.7715,65.0,0.2265,106.0,0.3693,164.01,59.0,0.6694,0.2408,129.02,0.5266,0.6826,0.9894,1.4495,0.7715,0.5266,0.5038,87.02,0.3032,93.01,0.0,0.3796,15.5,0.324,0.2343,0.9021,137.02,0.1197,0.4041,148.14,0.2408,0.1102,0.2212,0.3269,0.0202,0.1704,0.2613,0.6425,warning,True,0.4725,0.8975,0.0633,0.0082
sampleimg/Square/square (738).jpg,Square,square,square,사각형,True,0.5806,high,0.2748,False,round,0.3058,,,192.44,162.52,1.1841,115.43,162.52,133.24,0.7103,0.8198,133.24,0.8198,36.0,0.1871,91.0,0.4729,101.32,40.11,0.6234,0.2468,91.14,0.5608,0.684,0.8664,1.2666,0.8198,0.5608,0.395,46.01,0.2391,79.1,12.04,0.4867,11.0,0.281,0.2194,0.8462,131.74,0.1162,0.4885,152.7,0.2468,0.1477,0.3058,0.076,0.0014,0.5806,0.0362,0.4155,warning,True,0.4358,0.385,0.0677,0.0492
sampleimg/Square/square (974).jpg,Square,square,square,사각형,True,0.6008,high,0.2423,False,round,0.3585,,,1472.4,1282.73,1.1479,915.5,1282.73,1046.46,0.7137,0.8158,1046.46,0.8158,288.5,0.1959,676.0,0.4591,835.02,336.52,0.651,0.2624,742.19,0.5786,0.7092,0.8749,1.2335,0.8158,0.5786,0.3887,377.7,0.2565,425.61,12.0,0.3318,29.0,0.3011,0.304,0.8459,130.99,0.1373,0.4021,147.17,0.2624,0.0811,0.3585,0.0313,0.0005,0.6008,0.0089,0.61,warning,True,0.8117,0.3075,0.0226,0.0554
sampleimg/Square/square (940).jpg,Square,square,long,긴형,False,0.4763,high,0.2269,False,heart,0.2494,,,724.0,579.0,1.2504,431.01,579.0,464.11,0.7444,0.8016,464.11,0.8016,163.0,0.2251,303.0,0.4185,387.0,155.05,0.6684,0.2678,325.22,0.5617,0.7007,0.9287,1.3253,0.8016,0.5617,0.5012,200.25,0.2766,244.03,0.0,0.4215,47.5,0.3039,0.3285,0.8826,139.87,0.13,0.4088,140.8,0.2678,0.1295,0.0191,0.1562,0.4763,0.099,0.2494,0.5815,warning,True,0.3167,0.9788,0.082,0.0017
sampleimg/Square/square (230).jpg,Square,square,square,사각형,True,0.48,high,0.2577,False,oval,0.2223,,,342.01,284.0,1.2042,217.01,284.0,221.0,0.7641,0.7782,221.0,0.7782,70.5,0.2061,133.0,0.3889,185.01,69.03,0.6514,0.2431,153.0,0.5387,0.6923,0.9819,1.4184,0.7782,0.5387,0.4608,99.05,0.2896,98.0,11.0,0.3451,14.0,0.3188,0.2601,0.9014,135.55,0.126,0.421,149.32,0.2431,0.0775,0.1676,0.2223,0.0264,0.48,0.1038,0.7185,good,True,0.5892,0.9125,0.0493,0.007
sampleimg/Square/square (522).jpg,Square,square,round,둥근형,False,0.361,low,0.0047,True,square,0.3563,,,478.41,406.39,1.1772,291.87,406.39,322.69,0.7182,0.794,322.69,0.794,99.5,0.208,193.0,0.4034,249.69,94.05,0.6144,0.2314,222.09,0.5465,0.6882,0.9045,1.3142,0.794,0.5465,0.448,135.62,0.2835,158.91,0.0,0.391,5.0,0.3112,0.3136,0.8568,134.54,0.1421,0.3721,143.01,0.2314,0.0886,0.361,0.2337,0.0161,0.3563,0.0329,0.5815,warning,True,0.8975,0.1075,0.0123,0.0714
sampleimg/Square/square (391).jpg,Square,square,square,사각형,True,0.4777,low,0.0132,True,round,0.4646,,,195.04,178.14,1.0949,129.06,178.14,143.13,0.7245,0.8035,143.13,0.8035,42.0,0.2153,88.0,0.4512,115.11,46.04,0.6462,0.2585,101.08,0.5674,0.7062,0.9017,1.2768,0.8035,0.5674,0.4155,50.04,0.2566,59.01,5.0,0.3313,5.0,0.2924,0.211,0.8595,133.52,0.1127,0.4358,152.21,0.2585,0.0337,0.4646,0.0322,0.0001,0.4777,0.0254,0.719,good,True,0.7658,0.6487,0.0281,0.0281
sampleimg/Square/square (236).jpg,Square,square,long,긴형,False,0.3397,medium,0.0732,False,oval,0.2665,,,717.23,605.79,1.184,442.89,605.79,490.33,0.7311,0.8094,490.33,0.8094,191.0,0.2663,257.0,0.3583,415.17,153.08,0.6853,0.2527,335.1,0.5532,0.6834,0.9032,1.3217,0.8094,0.5532,0.57,224.01,0.3123,274.15,1.41,0.4525,42.5,0.3251,0.2619,0.8599,138.43,0.1366,0.3304,142.32,0.2527,0.1469,0.0506,0.2665,0.3397,0.1682,0.175,0.55,warning,True,0.415,0.7525,0.0702,0.0198
sampleimg/Square/square (153).jpg,Square,square,square,사각형,True,0.7944,high,0.7152,False,round,0.0792,,,906.27,753.0,1.2035,549.03,753.0,629.06,0.7291,0.8354,629.06,0.8354,216.5,0.2389,356.0,0.3928,504.05,196.12,0.6694,0.2605,433.07,0.5751,0.6884,0.8728,1.2678,0.8354,0.5751,0.4999,263.07,0.2903,328.01,3.16,0.4356,52.5,0.3112,0.2355,0.8566,139.13,0.1301,0.3884,141.91,0.2605,0.1235,0.0792,0.0463,0.058,0.7944,0.0221,0.605,warning,True,0.4192,0.8838,0.0697,0.0093
sampleimg/Square/square (61).jpg,Square,square,square,사각형,True,0.78,high,0.6451,False,round,0.1348,,,957.96,811.16,1.181,600.62,811.16,656.3,0.7404,0.8091,656.3,0.8091,200.5,0.2093,399.0,0.4165,526.43,205.29,0.649,0.2531,457.44,0.5639,0.697,0.9152,1.313,0.8091,0.5639,0.4383,263.21,0.2748,324.21,1.0,0.3997,64.5,0.3023,0.2483,0.8781,136.34,0.1427,0.3821,139.53,0.2531,0.0752,0.1348,0.0505,0.0054,0.78,0.0293,0.2325,low,False,0.3375,0.075,0.0795,0.074
sampleimg/Square/square (223).jpg,Square,square,square,사각형,True,0.48,medium,0.1323,False,round,0.3476,,,332.01,288.0,1.1528,203.01,288.0,232.05,0.7049,0.8057,232.05,0.8057,67.5,0.2033,149.0,0.4488,183.0,74.0,0.6354,0.2569,160.08,0.5558,0.6898,0.8748,1.2682,0.8057,0.5558,0.4217,82.22,0.2476,138.01,29.02,0.4792,22.0,0.2803,0.1509,0.8472,134.97,0.1221,0.4337,146.06,0.2569,0.1111,0.3476,0.1294,0.0024,0.48,0.0406,0.618,warning,True,0.3633,1.0,0.0764,0.0
sampleimg/Square/square (7).jpg,Square,square,oval,계란형 또는 일반형,False,0.4253,high,0.2281,False,heart,0.1971,,,1226.32,1029.82,1.1908,734.27,1029.82,817.59,0.713,0.7939,817.59,0.7939,277.5,0.2263,517.0,0.4216,653.88,259.49,0.635,0.252,570.27,0.5538,0.6975,0.8981,1.2876,0.7939,0.5538,0.4866,343.4,0.28,428.01,46.04,0.4156,92.5,0.3079,0.2853,0.851,133.05,0.1278,0.4208,151.75,0.252,0.1194,0.1157,0.4253,0.103,0.1589,0.1971,0.386,low,False,0.2517,0.5875,0.0898,0.033
sampleimg/Square/square (12).jpg,Square,square,round,둥근형,False,0.867,high,0.7391,False,square,0.1278,,,324.62,301.66,1.0761,216.52,301.66,237.41,0.7178,0.787,237.41,0.787,55.0,0.1694,156.0,0.4806,191.38,74.06,0.6344,0.2455,171.24,0.5676,0.7213,0.912,1.2644,0.787,0.5676,0.3212,80.02,0.2465,99.25,1.0,0.329,14.5,0.2991,0.2358,0.8639,129.45,0.1192,0.4436,153.43,0.2455,0.1094,0.867,0.0039,0.0,0.1278,0.0014,0.5605,warning,True,0.5992,0.5025,0.0481,0.0398
sampleimg/Square/square (768).jpg,Square,square,square,사각형,True,0.6538,high,0.5416,False,heart,0.1122,,,379.12,322.22,1.1766,241.1,322.22,258.77,0.7482,0.8031,258.77,0.8031,89.0,0.2348,146.0,0.3851,214.93,83.29,0.667,0.2585,179.47,0.557,0.6935,0.9317,1.3434,0.8031,0.557,0.4959,113.28,0.2988,138.13,0.0,0.4287,8.5,0.3179,0.1939,0.8854,134.46,0.1433,0.3561,142.71,0.2585,0.1024,0.1013,0.1078,0.0249,0.6538,0.1122,0.5575,warning,True,0.78,0.2238,0.0264,0.0621
sampleimg/Square/square (625).jpg,Square,square,round,둥근형,False,0.5798,high,0.2164,False,square,0.3634,,,204.01,176.0,1.1591,126.02,176.0,141.0,0.716,0.8011,141.0,0.8011,40.0,0.1961,81.0,0.397,112.0,43.01,0.6364,0.2444,95.0,0.5398,0.6738,0.8937,1.3265,0.8011,0.5398,0.4211,58.0,0.2843,72.03,1.0,0.4092,3.0,0.3137,0.25,0.8523,132.71,0.1271,0.4314,149.9,0.2444,0.0341,0.5798,0.0525,0.0008,0.3634,0.0035,0.915,good,True,0.8583,1.0,0.017,0.0
sampleimg/Square/square (229).jpg,Square,square,long,긴형,False,0.3396,medium,0.0911,False,square,0.2485,,,151.91,125.3,1.2124,89.11,125.3,101.12,0.7111,0.807,101.12,0.807,34.5,0.2271,65.0,0.4279,78.92,28.44,0.6298,0.227,71.57,0.5712,0.7078,0.8812,1.2451,0.807,0.5712,0.4821,41.3,0.2719,50.49,8.06,0.4029,4.0,0.2998,0.2201,0.8568,136.2,0.1562,0.3357,138.81,0.227,0.1437,0.0393,0.2011,0.3396,0.2485,0.1715,0.4405,warning,True,0.7342,0.0,0.0319,0.0958
sampleimg/Square/square (875).jpg,Square,square,square,사각형,True,0.6782,high,0.4739,False,round,0.2042,,,200.02,166.01,1.2049,124.04,166.01,133.0,0.7472,0.8012,133.0,0.8012,38.5,0.1925,82.0,0.41,110.0,41.01,0.6626,0.247,91.01,0.5482,0.6842,0.9326,1.363,0.8012,0.5482,0.4231,56.01,0.28,67.03,1.0,0.4038,5.0,0.315,0.2717,0.8736,131.68,0.1309,0.435,150.52,0.247,0.0482,0.2042,0.0967,0.0041,0.6782,0.0168,0.8195,good,True,0.7492,0.925,0.0301,0.006
sampleimg/Square/square (406).jpg,Square,square,square,사각형,True,0.5717,high,0.1533,False,round,0.4184,,,619.86,561.57,1.1038,411.33,561.57,447.15,0.7325,0.7962,447.15,0.7962,109.0,0.1758,276.0,0.4453,362.73,143.09,0.6459,0.2548,309.65,0.5514,0.6925,0.9199,1.3284,0.7962,0.5514,0.352,154.12,0.2486,193.58,0.0,0.3447,28.0,0.2909,0.2401,0.8734,130.12,0.1233,0.4291,151.58,0.2548,0.1211,0.4184,0.0079,0.0,0.5717,0.002,0.5455,warning,True,0.5842,0.4875,0.0499,0.041
sampleimg/Square/square (59).jpg,Square,square,square,사각형,True,0.5915,high,0.2061,False,round,0.3854,,,214.58,195.24,1.099,140.04,195.24,158.15,0.7172,0.81,158.15,0.81,47.5,0.2214,86.0,0.4008,124.9,50.09,0.6397,0.2566,108.9,0.5578,0.6886,0.8855,1.2859,0.81,0.5578,0.4362,60.53,0.2821,75.54,0.0,0.3869,6.0,0.3006,0.3068,0.8558,135.8,0.1338,0.3495,141.24,0.2566,0.0205,0.3854,0.0192,0.0001,0.5915,0.0038,0.4625,warning,True,0.7442,0.04,0.0307,0.0768
sampleimg/Square/square (66).jpg,Square,square,heart,하트형,False,0.3078,low,0.0369,True,oval,0.2709,,,309.01,274.33,1.1264,198.91,274.33,218.22,0.7251,0.7954,218.22,0.7954,73.5,0.2379,136.0,0.4401,172.84,63.2,0.63,0.2304,152.84,0.5571,0.7004,0.9115,1.3014,0.7954,0.5571,0.4809,80.4,0.2602,113.16,4.0,0.4125,8.5,0.286,0.2337,0.8571,136.15,0.1062,0.4466,152.28,0.2304,0.0036,0.1579,0.2709,0.0045,0.2589,0.3078,0.535,warning,True,0.7417,0.225,0.031,0.062
sampleimg/Square/square (462).jpg,Square,square,round,둥근형,False,0.4309,medium,0.1276,False,square,0.3033,,,151.03,129.0,1.1708,93.01,129.0,101.0,0.721,0.783,101.0,0.783,29.5,0.1953,64.0,0.4238,82.0,31.0,0.6357,0.2403,70.01,0.5427,0.6931,0.9208,1.3285,0.783,0.5427,0.4214,41.01,0.2716,40.01,1.0,0.3102,8.5,0.3046,0.2329,0.8605,133.23,0.1243,0.437,151.76,0.2403,0.1163,0.4309,0.2273,0.0052,0.3033,0.0333,0.6705,warning,True,0.4508,1.0,0.0659,0.0
sampleimg/Square/square (408).jpg,Square,square,square,사각형,True,0.6757,high,0.3917,False,round,0.2839,,,206.02,184.01,1.1196,134.03,184.01,148.0,0.7284,0.8043,148.0,0.8043,43.5,0.2111,87.0,0.4223,119.0,48.01,0.6467,0.2609,102.0,0.5543,0.6892,0.9056,1.3141,0.8043,0.5543,0.4265,55.01,0.267,69.01,0.0,0.375,13.0,0.2961,0.2317,0.8697,132.55,0.1205,0.4174,151.49,0.2609,0.1304,0.2839,0.0255,0.0002,0.6757,0.0148,0.647,warning,True,0.4117,1.0,0.0706,0.0
sampleimg/Square/square (298).jpg,Square,square,round,둥근형,False,0.5998,high,0.2563,False,square,0.3435,,,205.88,185.53,1.1097,140.36,185.53,143.35,0.7565,0.7727,143.35,0.7727,43.0,0.2089,79.0,0.3837,123.41,43.1,0.6652,0.2323,100.24,0.5403,0.6993,0.9791,1.4001,0.7727,0.5403,0.429,61.13,0.2969,68.26,1.0,0.3679,3.5,0.3215,0.3012,0.8921,134.95,0.1247,0.3837,145.94,0.2323,0.0808,0.5998,0.048,0.0002,0.3435,0.0086,0.636,warning,True,0.8425,0.3262,0.0189,0.0539
sampleimg/Square/square (486).jpg,Square,square,square,사각형,True,0.4564,low,0.005,True,round,0.4514,,,165.25,146.17,1.1305,107.17,146.17,116.11,0.7332,0.7943,116.11,0.7943,33.5,0.2027,70.0,0.4236,95.19,36.06,0.6512,0.2467,79.06,0.5409,0.6809,0.923,1.3556,0.7943,0.5409,0.4237,43.01,0.2603,60.07,5.0,0.411,5.0,0.2907,0.2525,0.8698,134.61,0.1128,0.4539,151.46,0.2467,0.0821,0.4514,0.0679,0.0003,0.4564,0.0241,0.624,warning,True,0.715,0.4875,0.0342,0.041
sampleimg/Square/square (634).jpg,Square,square,square,사각형,True,0.7296,high,0.5381,False,round,0.1916,,,178.1,151.08,1.1788,109.07,151.08,123.07,0.7219,0.8146,123.07,0.8146,40.0,0.2246,70.0,0.393,97.13,34.01,0.6429,0.2251,86.02,0.5694,0.699,0.8863,1.268,0.8146,0.5694,0.465,52.01,0.292,62.03,1.0,0.4106,3.5,0.3202,0.2529,0.8545,134.94,0.1359,0.3818,145.89,0.2251,0.0596,0.1916,0.0539,0.0159,0.7296,0.009,0.7185,good,True,0.8067,0.5863,0.0232,0.0331
sampleimg/Square/square (148).jpg,Square,square,square,사각형,True,0.7361,high,0.508,False,round,0.228,,,191.01,173.0,1.1041,135.0,173.0,136.0,0.7803,0.7861,136.0,0.7861,44.5,0.233,71.0,0.3717,114.0,42.0,0.659,0.2428,95.02,0.5492,0.6987,0.9926,1.4207,0.7861,0.5492,0.4683,56.01,0.2932,60.01,0.0,0.3469,3.5,0.3141,0.2664,0.9191,139.27,0.1111,0.3926,145.71,0.2428,0.0289,0.228,0.015,0.0002,0.7361,0.0207,0.87,good,True,0.8317,0.9275,0.0202,0.0058
sampleimg/Square/square (224).jpg,Square,square,square,사각형,True,0.5569,high,0.3088,False,round,0.2481,,,575.02,483.01,1.1905,348.01,483.01,387.0,0.7205,0.8012,387.0,0.8012,116.0,0.2017,243.0,0.4226,317.03,128.14,0.6564,0.2653,268.0,0.5549,0.6925,0.8993,1.2985,0.8012,0.5549,0.4328,154.0,0.2678,196.09,1.0,0.406,6.5,0.3009,0.2243,0.8551,134.61,0.1257,0.4348,148.32,0.2653,0.0269,0.2481,0.1596,0.0122,0.5569,0.0231,0.891,good,True,0.8875,0.8962,0.0135,0.0083
sampleimg/Square/square (511).jpg,Square,square,round,둥근형,False,0.3938,low,0.0294,True,square,0.3644,,,159.2,137.18,1.1605,96.13,137.18,112.22,0.7008,0.818,112.22,0.818,34.5,0.2167,71.0,0.446,86.05,35.06,0.6273,0.2556,77.1,0.5621,0.6871,0.8566,1.2468,0.818,0.5621,0.4474,41.05,0.2578,67.19,12.04,0.4898,1.5,0.2892,0.182,0.8395,135.59,0.1265,0.402,144.36,0.2556,0.0073,0.3938,0.1517,0.0076,0.3644,0.0824,0.836,good,True,0.9092,0.7263,0.0109,0.0219
sampleimg/Square/square (155).jpg,Square,square,square,사각형,True,0.5659,high,0.3447,False,round,0.2212,,,176.1,145.12,1.2135,106.04,145.12,117.15,0.7307,0.8073,117.15,0.8073,36.0,0.2044,73.0,0.4145,88.14,30.15,0.6074,0.2078,81.15,0.5592,0.6927,0.9052,1.3067,0.8073,0.5592,0.4436,50.16,0.2848,53.15,0.0,0.3662,10.5,0.3125,0.2612,0.8685,135.49,0.1417,0.4032,143.13,0.2078,0.0896,0.2212,0.1258,0.0409,0.5659,0.0462,0.4655,warning,True,0.3967,0.5687,0.0724,0.0345
sampleimg/Square/square (8).jpg,Square,square,square,사각형,True,0.442,medium,0.1374,False,oval,0.3046,,,148.49,124.49,1.1928,88.36,124.49,98.33,0.7098,0.7898,98.33,0.7898,28.0,0.1886,64.0,0.431,79.4,30.07,0.6379,0.2415,68.18,0.5477,0.6934,0.8987,1.296,0.7898,0.5477,0.4107,39.01,0.2627,47.17,5.1,0.3789,5.0,0.2966,0.2811,0.8473,131.75,0.1395,0.4041,147.38,0.2415,0.0964,0.222,0.3046,0.0118,0.442,0.0196,0.4775,warning,True,0.665,0.1963,0.0402,0.0643
sampleimg/Square/square (2).jpg,Square,square,square,사각형,True,0.5393,high,0.358,False,round,0.1813,,,235.48,190.26,1.2376,132.31,190.26,155.16,0.6954,0.8155,155.16,0.8155,46.5,0.1975,99.0,0.4204,113.16,41.11,0.5948,0.2161,107.04,0.5626,0.6899,0.8527,1.236,0.8155,0.5626,0.4344,64.01,0.2718,63.0,0.0,0.3311,13.0,0.306,0.2458,0.8321,133.79,0.1315,0.4459,149.15,0.2161,0.1472,0.1813,0.1524,0.1193,0.5393,0.0076,0.501,warning,True,0.4308,0.6062,0.0683,0.0315
sampleimg/Square/square (902).jpg,Square,square,square,사각형,True,0.5334,high,0.3801,False,oval,0.1534,,,263.76,220.58,1.1957,163.37,220.58,176.41,0.7406,0.7997,176.41,0.7997,58.0,0.2199,106.0,0.4019,143.35,54.08,0.6499,0.2452,122.33,0.5546,0.6935,0.9261,1.3355,0.7997,0.5546,0.4741,76.11,0.2885,92.35,0.0,0.4187,2.0,0.3115,0.2099,0.8818,135.36,0.1381,0.3829,143.34,0.2452,0.0544,0.1459,0.1534,0.0427,0.5334,0.1246,0.728,good,True,0.9242,0.4337,0.0091,0.0453
sampleimg/Square/square (517).jpg,Square,square,square,사각형,True,0.8532,high,0.7674,False,round,0.0858,,,190.76,159.71,1.1944,114.86,159.71,129.31,0.7192,0.8097,129.31,0.8097,37.5,0.1966,83.0,0.4351,103.39,43.05,0.6474,0.2695,91.2,0.571,0.7052,0.8882,1.2594,0.8097,0.571,0.4112,51.0,0.2674,63.07,9.0,0.3949,18.5,0.3045,0.2149,0.8567,129.25,0.1462,0.3932,150.09,0.2695,0.2317,0.0858,0.0456,0.0054,0.8532,0.0099,0.139,low,False,0.035,0.295,0.1158,0.0564
sampleimg/Square/square (757).jpg,Square,square,square,사각형,True,0.7544,high,0.5166,False,round,0.2378,,,193.04,161.05,1.1986,114.07,161.05,129.0,0.7083,0.801,129.0,0.801,26.5,0.1373,89.0,0.461,100.02,37.0,0.6211,0.2297,90.0,0.5588,0.6977,0.8842,1.2674,0.801,0.5588,0.2944,48.04,0.2489,59.08,0.0,0.3668,11.5,0.3005,0.239,0.851,124.2,0.1369,0.4818,158.91,0.2297,0.118,0.2378,0.0075,0.0001,0.7544,0.0002,0.581,warning,True,0.405,0.845,0.0714,0.0124
sampleimg/Square/square (936).jpg,Square,square,square,사각형,True,0.8434,high,0.71,False,round,0.1334,,,881.15,743.49,1.1852,518.88,743.49,619.06,0.6979,0.8326,619.06,0.8326,174.5,0.198,387.0,0.4392,480.28,184.2,0.646,0.2478,434.5,0.5844,0.7019,0.8382,1.1942,0.8326,0.5844,0.4016,236.03,0.2679,281.15,1.0,0.3782,5.5,0.3071,0.2982,0.8337,129.81,0.1582,0.3688,143.95,0.2478,0.074,0.1334,0.018,0.0027,0.8434,0.0024,0.563,warning,True,0.9383,0.0,0.0074,0.0955
sampleimg/Square/square (771).jpg,Square,square,square,사각형,True,0.612,high,0.3801,False,round,0.2319,,,275.31,239.53,1.1493,175.29,239.53,192.67,0.7318,0.8043,192.67,0.8043,66.0,0.2397,104.0,0.3778,161.45,61.13,0.674,0.2552,132.54,0.5533,0.688,0.9098,1.3225,0.8043,0.5533,0.4979,83.38,0.3029,100.6,1.0,0.42,19.5,0.3204,0.2103,0.8615,134.33,0.1218,0.4105,151.76,0.2552,0.096,0.2319,0.1143,0.0094,0.612,0.0325,0.3425,low,False,0.3217,0.3738,0.0814,0.0501
sampleimg/Square/square (225).jpg,Square,square,oval,계란형 또는 일반형,False,0.3186,medium,0.0542,False,square,0.2644,,,658.01,546.0,1.2051,403.0,546.0,434.01,0.7381,0.7949,434.01,0.7949,150.5,0.2287,262.0,0.3982,364.05,145.0,0.6668,0.2656,302.01,0.5531,0.6959,0.9286,1.3344,0.7949,0.5531,0.4983,189.04,0.2873,218.0,4.12,0.3993,22.0,0.3131,0.2328,0.8718,137.45,0.1255,0.4027,146.37,0.2656,0.0659,0.1033,0.3186,0.1537,0.2644,0.16,0.7435,good,True,0.6642,0.8625,0.0403,0.011
sampleimg/Square/square (201).jpg,Square,square,round,둥근형,False,0.6737,high,0.5135,False,square,0.1602,,,545.65,478.41,1.1406,331.8,478.41,384.41,0.6935,0.8035,384.41,0.8035,110.5,0.2025,229.0,0.4197,296.58,112.01,0.6199,0.2341,255.33,0.5337,0.6642,0.8631,1.2995,0.8035,0.5337,0.4328,147.22,0.2698,224.88,16.12,0.4701,26.5,0.2982,0.2203,0.8343,132.52,0.1353,0.3739,145.77,0.2341,0.1442,0.6737,0.1456,0.001,0.1602,0.0194,0.323,low,False,0.5383,0.0,0.0554,0.0815
sampleimg/Square/square (690).jpg,Square,square,square,사각형,True,0.6674,high,0.4045,False,round,0.2629,,,206.02,177.05,1.1637,130.1,177.05,145.01,0.7348,0.8191,145.01,0.8191,46.0,0.2233,86.0,0.4174,116.0,44.01,0.6552,0.2486,101.0,0.5705,0.6965,0.8971,1.288,0.8191,0.5705,0.4554,58.01,0.2816,69.0,1.0,0.3897,7.5,0.3106,0.2307,0.8703,135.78,0.1256,0.4126,146.11,0.2486,0.0734,0.2629,0.0329,0.0036,0.6674,0.0333,0.76,good,True,0.6467,0.93,0.0424,0.0056
sampleimg/Square/square (977).jpg,Square,square,square,사각형,True,0.6083,high,0.3041,False,round,0.3042,,,234.85,209.4,1.1215,156.32,209.4,170.24,0.7465,0.813,170.24,0.813,55.5,0.2363,104.0,0.4428,142.0,54.01,0.6781,0.2579,125.2,0.5979,0.7354,0.9182,1.2486,0.813,0.5979,0.4433,67.12,0.2858,85.99,0.0,0.4106,5.5,0.3204,0.2704,0.8853,134.04,0.1347,0.3704,144.46,0.2579,0.0907,0.3042,0.0137,0.001,0.6083,0.0728,0.8445,good,True,0.7808,0.94,0.0263,0.0048
sampleimg/Square/square (525).jpg,Square,square,square,사각형,True,0.7064,high,0.4207,False,round,0.2856,,,96.25,83.38,1.1543,59.3,83.38,67.27,0.7112,0.8067,67.27,0.8067,17.0,0.1766,44.0,0.4571,51.24,21.02,0.6146,0.2521,48.17,0.5776,0.716,0.8816,1.2312,0.8067,0.5776,0.3529,25.02,0.2599,26.17,0.0,0.3139,2.5,0.302,0.2515,0.8556,128.93,0.1222,0.4883,157.01,0.2521,0.0839,0.2856,0.0068,0.0001,0.7064,0.001,0.55,warning,True,0.75,0.25,0.03,0.06
sampleimg/Square/square (6).jpg,Square,square,round,둥근형,False,0.7034,high,0.469,False,square,0.2344,,,611.68,562.2,1.088,400.68,562.2,446.76,0.7127,0.7947,446.76,0.7947,135.0,0.2207,236.0,0.3858,362.63,140.46,0.645,0.2498,306.11,0.5445,0.6852,0.8969,1.3089,0.7947,0.5445,0.441,176.91,0.2892,231.04,0.0,0.411,2.5,0.3141,0.2569,0.8486,135.51,0.1534,0.2763,136.19,0.2498,0.1405,0.7034,0.057,0.0002,0.2344,0.005,0.578,warning,True,0.9633,0.0,0.0044,0.1476
sampleimg/Square/square (826).jpg,Square,square,round,둥근형,False,0.5422,medium,0.1184,False,square,0.4237,,,229.01,218.15,1.0498,159.15,218.15,173.05,0.7296,0.7933,173.05,0.7933,38.0,0.1659,127.0,0.5546,147.01,58.01,0.6739,0.2659,128.02,0.5868,0.7398,0.9197,1.2432,0.7933,0.5868,0.2968,43.05,0.188,72.01,11.05,0.3301,14.0,0.2576,0.1947,0.8672,129.16,0.1031,0.5153,155.77,0.2659,0.11,0.5422,0.0095,0.0,0.4237,0.0246,0.633,warning,True,0.465,0.885,0.0642,0.0092
sampleimg/Square/square (407).jpg,Square,square,square,사각형,True,0.7949,high,0.5915,False,round,0.2034,,,282.64,258.94,1.0915,180.8,258.94,216.59,0.6982,0.8365,216.59,0.8365,54.0,0.1911,141.0,0.4989,166.77,67.27,0.6441,0.2598,157.38,0.6078,0.7266,0.8348,1.1488,0.8365,0.6078,0.3431,67.01,0.2371,98.33,0.0,0.3797,13.0,0.2868,0.2375,0.8378,126.95,0.1197,0.4812,156.54,0.2598,0.1081,0.2034,0.0011,0.0,0.7949,0.0007,0.44,warning,True,0.5817,0.2275,0.0502,0.0618
sampleimg/Square/square (362).jpg,Square,square,square,사각형,True,0.7488,high,0.5583,False,round,0.1905,,,335.34,293.38,1.143,210.29,293.38,238.47,0.7168,0.8128,238.47,0.8128,68.5,0.2043,149.0,0.4443,187.32,75.17,0.6385,0.2562,164.37,0.5603,0.6893,0.8818,1.2794,0.8128,0.5603,0.4167,85.15,0.2539,133.38,17.03,0.4546,7.5,0.2807,0.2387,0.8601,133.69,0.1275,0.4085,146.08,0.2562,0.017,0.1905,0.0377,0.0006,0.7488,0.0224,0.6845,warning,True,0.7867,0.5312,0.0256,0.0375
sampleimg/Square/square (60).jpg,Square,square,square,사각형,True,0.9063,high,0.8154,False,round,0.0909,,,276.97,242.68,1.1413,166.21,242.68,204.92,0.6849,0.8444,204.92,0.8444,48.0,0.1733,138.0,0.4982,161.11,64.33,0.6639,0.2651,145.25,0.5985,0.7088,0.8111,1.1443,0.8444,0.5985,0.3305,63.07,0.2277,95.19,7.07,0.3922,17.0,0.2792,0.2311,0.8224,125.32,0.147,0.3972,149.68,0.2651,0.1648,0.0909,0.0024,0.0,0.9063,0.0005,0.25,low,False,0.4167,0.0,0.07,0.1071
sampleimg/Square/square (240).jpg,Square,square,square,사각형,True,0.7785,high,0.6022,False,round,0.1763,,,184.17,158.15,1.1645,114.11,158.15,129.06,0.7215,0.816,129.06,0.816,38.0,0.2063,75.0,0.4072,105.08,40.01,0.6644,0.253,87.05,0.5504,0.6745,0.8841,1.3108,0.816,0.5504,0.4365,50.01,0.2715,63.01,6.0,0.3984,3.0,0.2988,0.2066,0.8542,132.79,0.1234,0.4398,150.64,0.253,0.0506,0.1763,0.0383,0.001,0.7785,0.0059,0.7785,good,True,0.8417,0.6838,0.019,0.0253
sampleimg/Square/square (627).jpg,Square,square,square,사각형,True,0.6056,high,0.4133,False,round,0.1923,,,94.09,79.1,1.1894,56.04,79.1,65.12,0.7084,0.8233,65.12,0.8233,21.0,0.2232,37.0,0.3933,49.09,18.11,0.6206,0.229,44.1,0.5575,0.6772,0.8605,1.2706,0.8233,0.5575,0.4762,27.07,0.2878,35.06,0.0,0.4432,5.5,0.3084,0.2961,0.8352,136.33,0.1406,0.372,141.58,0.229,0.0885,0.1923,0.1546,0.0335,0.6056,0.014,0.463,warning,True,0.4208,0.5262,0.0695,0.0379
sampleimg/Square/square (458).jpg,Square,square,square,사각형,True,0.7391,high,0.5565,False,round,0.1826,,,200.73,173.12,1.1595,119.52,173.12,143.69,0.6904,0.83,143.69,0.83,40.0,0.1993,106.0,0.5281,112.15,44.28,0.6478,0.2558,105.22,0.6078,0.7323,0.8318,1.1359,0.83,0.6078,0.3801,44.72,0.2228,61.81,1.41,0.3571,0.5,0.2727,0.2607,0.8319,131.81,0.1086,0.5032,159.11,0.2558,0.0866,0.1826,0.0274,0.0019,0.7391,0.049,0.5855,warning,True,0.9758,0.0,0.0029,0.0924
sampleimg/Square/square (678).jpg,Square,square,square,사각형,True,0.6804,high,0.3624,False,round,0.318,,,223.45,199.27,1.1213,145.38,199.27,160.95,0.7296,0.8077,160.95,0.8077,39.5,0.1768,90.0,0.4028,125.3,51.79,0.6288,0.2599,109.33,0.5486,0.6793,0.9033,1.3298,0.8077,0.5486,0.3613,62.17,0.2782,63.79,0.0,0.3201,14.5,0.3134,0.2042,0.8665,129.47,0.1109,0.5057,163.3,0.2599,0.0251,0.318,0.0015,0.0,0.6804,0.0001,0.236,low,False,0.3933,0.0,0.0728,0.0903
sampleimg/Square/square (520).jpg,Square,square,square,사각형,True,0.7891,high,0.5811,False,round,0.208,,,152.03,129.03,1.1782,90.05,129.03,106.02,0.6979,0.8216,106.02,0.8216,23.0,0.1513,73.0,0.4802,79.06,29.07,0.6127,0.2253,75.01,0.5813,0.7075,0.8494,1.2006,0.8216,0.5813,0.3066,38.0,0.25,41.05,2.0,0.3181,4.5,0.2961,0.2482,0.8451,124.69,0.1369,0.4736,156.43,0.2253,0.0697,0.208,0.0026,0.0,0.7891,0.0003,0.7095,good,True,0.7092,0.71,0.0349,0.0232
sampleimg/Square/square (463).jpg,Square,square,oval,계란형 또는 일반형,False,0.5003,high,0.295,False,round,0.2053,,,226.08,190.07,1.1895,130.02,190.07,153.16,0.6841,0.8058,153.16,0.8058,48.5,0.2145,98.0,0.4335,115.07,46.17,0.6054,0.2429,104.17,0.5481,0.6802,0.8489,1.2481,0.8058,0.5481,0.4656,60.41,0.2672,82.01,10.0,0.4315,22.0,0.2969,0.2469,0.8209,132.59,0.1274,0.4246,153.18,0.2429,0.1578,0.2053,0.5003,0.0607,0.1575,0.0763,0.3165,low,False,0.0358,0.7375,0.1157,0.021
sampleimg/Square/square (679).jpg,Square,square,oval,계란형 또는 일반형,False,0.3536,low,0.0211,True,square,0.3324,,,213.71,179.61,1.1899,132.23,179.61,140.29,0.7362,0.7811,140.29,0.7811,46.5,0.2176,85.0,0.3977,118.09,44.28,0.6575,0.2466,97.87,0.5449,0.6976,0.9425,1.3511,0.7811,0.5449,0.4751,60.53,0.2832,71.45,0.0,0.3978,8.0,0.3111,0.2524,0.8709,136.55,0.1083,0.4632,154.33,0.2466,0.0,0.1957,0.3536,0.0508,0.3324,0.0675,0.3775,low,False,0.6292,0.0,0.0445,0.0891
sampleimg/Square/square (473).jpg,Square,square,square,사각형,True,0.3776,low,0.0496,True,round,0.3281,,,265.01,226.01,1.1726,162.03,226.01,182.0,0.7169,0.8053,182.0,0.8053,56.5,0.2132,114.0,0.4302,144.03,57.01,0.6373,0.2522,125.0,0.5531,0.6868,0.8902,1.2962,0.8053,0.5531,0.452,72.06,0.2719,111.07,19.03,0.4914,14.0,0.2981,0.1842,0.8541,135.15,0.1218,0.4189,149.3,0.2522,0.0973,0.3281,0.1918,0.0112,0.3776,0.0913,0.624,warning,True,0.4842,0.8337,0.0619,0.0133
sampleimg/Square/square (409).jpg,Square,square,square,사각형,True,0.7215,high,0.4448,False,round,0.2767,,,205.01,183.17,1.1192,129.25,183.17,150.03,0.7056,0.8191,150.03,0.8191,28.5,0.139,107.0,0.5219,120.1,47.1,0.6557,0.2571,107.0,0.5841,0.7132,0.8615,1.2079,0.8191,0.5841,0.2664,43.42,0.2118,63.03,1.0,0.3441,28.5,0.2733,0.2899,0.8476,122.72,0.1253,0.5268,155.41,0.2571,0.2457,0.2767,0.0015,0.0,0.7215,0.0003,0.2635,low,False,0.0,0.6587,0.1556,0.0273
sampleimg/Square/square (460).jpg,Square,square,square,사각형,True,0.5486,high,0.1764,False,round,0.3722,,,149.05,125.04,1.1921,87.14,125.04,101.0,0.6969,0.8078,101.0,0.8078,28.5,0.1912,63.0,0.4227,78.06,26.08,0.6243,0.2086,69.0,0.5518,0.6831,0.8628,1.263,0.8078,0.5518,0.413,41.11,0.2758,51.04,0.0,0.4082,17.5,0.3087,0.3207,0.8407,130.21,0.1316,0.4294,153.82,0.2086,0.2319,0.3722,0.0674,0.0057,0.5486,0.0062,0.28,low,False,0.0,0.7,0.14,0.024
sampleimg/Square/square (516).jpg,Square,square,square,사각형,True,0.5657,high,0.2298,False,round,0.3359,,,448.64,382.42,1.1732,274.31,382.42,307.28,0.7173,0.8035,307.28,0.8035,92.5,0.2062,178.0,0.3968,244.2,84.15,0.6386,0.22,210.15,0.5495,0.6839,0.8927,1.3053,0.8035,0.5495,0.4402,128.06,0.2854,128.14,0.0,0.3351,7.0,0.3146,0.3183,0.8507,133.91,0.1344,0.399,146.75,0.22,0.0575,0.3359,0.0868,0.0046,0.5657,0.0069,0.778,good,True,0.8475,0.6737,0.0183,0.0261
sampleimg/Square/square (767).jpg,Square,square,square,사각형,True,0.776,high,0.6663,False,long,0.1097,,,255.88,210.37,1.2163,152.19,210.37,174.73,0.7234,0.8306,174.73,0.8306,61.0,0.2384,107.0,0.4182,139.81,51.48,0.6646,0.2447,122.41,0.5819,0.7005,0.871,1.2433,0.8306,0.5819,0.4983,70.11,0.274,87.97,1.0,0.4181,17.5,0.2948,0.1902,0.8626,136.9,0.1198,0.4338,147.44,0.2447,0.2044,0.0258,0.041,0.1097,0.776,0.0475,0.2275,low,False,0.3067,0.1088,0.0832,0.0713
sampleimg/Square/square (405).jpg,Square,square,round,둥근형,False,0.4721,low,0.0012,True,square,0.4709,,,267.0,235.03,1.136,166.08,235.03,190.02,0.7066,0.8085,190.02,0.8085,52.5,0.1966,119.0,0.4457,152.05,61.13,0.6469,0.2601,130.0,0.5531,0.6841,0.874,1.2775,0.8085,0.5531,0.4038,69.01,0.2585,96.0,14.04,0.4085,7.5,0.2921,0.1715,0.847,131.04,0.1233,0.4494,150.73,0.2601,0.0553,0.4721,0.044,0.0003,0.4709,0.0128,0.7555,good,True,0.7342,0.7875,0.0319,0.017
sampleimg/Square/square (161).jpg,Square,square,round,둥근형,False,0.4977,low,0.0023,True,square,0.4954,,,609.66,558.58,1.0914,418.47,558.58,444.01,0.7492,0.7949,444.01,0.7949,121.0,0.1985,248.0,0.4068,361.42,141.43,0.647,0.2532,308.59,0.5524,0.695,0.9425,1.3561,0.7949,0.5524,0.3921,171.14,0.2807,192.84,0.0,0.3452,20.5,0.3138,0.2649,0.8891,131.93,0.1252,0.3986,149.18,0.2532,0.0985,0.4977,0.0049,0.0,0.4954,0.0019,0.53,warning,True,0.6942,0.2838,0.0367,0.0573
sampleimg/Square/square (404).jpg,Square,square,square,사각형,True,0.7345,high,0.4857,False,round,0.2488,,,75.0,66.01,1.1362,47.01,66.01,53.01,0.7122,0.8031,53.01,0.8031,13.5,0.18,33.0,0.44,43.01,17.03,0.6516,0.258,37.0,0.5605,0.698,0.8868,1.2706,0.8031,0.5605,0.3649,19.0,0.2533,26.0,4.0,0.3939,2.0,0.2933,0.1538,0.8485,129.57,0.128,0.4533,152.53,0.258,0.0606,0.2488,0.0156,0.0001,0.7345,0.001,0.773,good,True,0.7475,0.8113,0.0303,0.0151
sampleimg/Square/square (57).jpg,Square,square,round,둥근형,False,0.4303,low,0.0302,True,oval,0.4001,,,252.0,217.0,1.1613,152.0,217.0,172.01,0.7005,0.7927,172.01,0.7927,54.0,0.2143,106.0,0.4206,137.0,55.01,0.6313,0.2535,118.02,0.5439,0.6861,0.8837,1.288,0.7927,0.5439,0.4576,69.0,0.2738,88.14,1.0,0.4062,2.5,0.3016,0.2694,0.8341,136.35,0.1216,0.4167,147.09,0.2535,0.023,0.4303,0.4001,0.0132,0.1158,0.0407,0.9195,good,True,0.9042,0.9425,0.0115,0.0046
sampleimg/Square/square (419).jpg,Square,square,square,사각형,True,0.6757,high,0.374,False,round,0.3017,,,422.14,363.05,1.1628,252.1,363.05,294.0,0.6944,0.8098,294.0,0.8098,73.5,0.1741,203.0,0.4809,226.02,86.02,0.6226,0.2369,211.0,0.5812,0.7177,0.8575,1.1948,0.8098,0.5812,0.3483,104.04,0.2465,113.02,27.02,0.3113,24.5,0.2937,0.1922,0.8404,127.1,0.1337,0.4501,155.04,0.2369,0.1184,0.3017,0.0189,0.0004,0.6757,0.0033,0.621,warning,True,0.4375,0.8962,0.0675,0.0083
sampleimg/Square/square (301).jpg,Square,square,long,긴형,False,0.8185,high,0.7368,False,oval,0.0817,,,368.59,293.47,1.256,210.11,293.47,235.05,0.7159,0.8009,235.05,0.8009,83.5,0.2265,155.0,0.4205,183.47,72.56,0.6252,0.2472,169.19,0.5765,0.7198,0.8939,1.2419,0.8009,0.5765,0.4935,102.31,0.2776,115.85,23.09,0.3948,27.0,0.3062,0.228,0.8571,134.42,0.1631,0.331,141.17,0.2472,0.2385,0.0024,0.0817,0.8185,0.0634,0.034,0.14,low,False,0.2333,0.0,0.092,0.1022
sampleimg/Square/square (62).jpg,Square,square,square,사각형,True,0.7436,high,0.5645,False,round,0.1791,,,986.05,858.01,1.1492,640.01,858.01,686.02,0.7459,0.7995,686.02,0.7995,208.5,0.2114,422.0,0.428,547.02,218.0,0.6375,0.2541,481.03,0.5606,0.7012,0.9329,1.3305,0.7995,0.5606,0.4334,267.07,0.2708,394.08,61.03,0.4593,13.0,0.2941,0.2061,0.8893,135.99,0.116,0.4259,148.84,0.2541,0.0163,0.1791,0.0327,0.001,0.7436,0.0435,0.895,good,True,0.8733,0.9275,0.0152,0.0058
sampleimg/Square/square (469).jpg,Square,square,square,사각형,True,0.7559,high,0.5205,False,round,0.2354,,,149.0,132.06,1.1283,89.09,132.06,109.0,0.6746,0.8254,109.0,0.8254,25.5,0.1711,74.0,0.4966,86.05,33.02,0.6516,0.25,78.0,0.5906,0.7156,0.8173,1.1422,0.8254,0.5906,0.3269,34.06,0.2286,48.01,7.07,0.3635,10.0,0.2752,0.2661,0.8108,127.72,0.1277,0.4765,152.97,0.25,0.1212,0.2354,0.0082,0.0,0.7559,0.0004,0.508,warning,True,0.3692,0.7163,0.0757,0.0227
sampleimg/Square/square (414).jpg,Square,square,oval,계란형 또는 일반형,False,0.3417,low,0.0336,True,round,0.3082,,,207.29,177.1,1.1705,127.14,177.1,141.03,0.7179,0.7963,141.03,0.7963,44.5,0.2147,90.0,0.4342,111.11,43.05,0.6274,0.2431,97.01,0.5477,0.6878,0.9015,1.3107,0.7963,0.5477,0.4587,54.0,0.2605,83.01,13.04,0.4687,7.5,0.2896,0.1993,0.8533,138.36,0.1097,0.439,147.69,0.2431,0.0847,0.3082,0.3417,0.0144,0.2058,0.13,0.6475,warning,True,0.6475,0.6475,0.0423,0.0282
sampleimg/Square/square (512).jpg,Square,square,square,사각형,True,0.878,high,0.8258,False,round,0.0522,,,749.07,657.3,1.1396,475.66,657.3,531.1,0.7237,0.808,531.1,0.808,168.0,0.2243,317.0,0.4232,412.71,156.73,0.6279,0.2384,374.19,0.5693,0.7046,0.8956,1.2712,0.808,0.5693,0.449,198.34,0.2648,300.51,44.72,0.4572,56.0,0.2873,0.2411,0.8684,133.79,0.1508,0.3017,139.83,0.2384,0.2404,0.0522,0.0389,0.0021,0.878,0.0287,0.174,low,False,0.29,0.0,0.0852,0.1354
sampleimg/Square/square (922).jpg,Square,square,square,사각형,True,0.9211,high,0.8434,False,round,0.0777,,,388.86,347.05,1.1205,240.0,347.05,294.24,0.6915,0.8478,294.24,0.8478,62.0,0.1594,213.0,0.5478,220.23,86.37,0.6346,0.2489,215.28,0.6203,0.7316,0.8157,1.1148,0.8478,0.6203,0.288,80.05,0.2059,160.05,34.01,0.4612,45.5,0.2651,0.1485,0.8298,123.83,0.1384,0.4783,149.18,0.2489,0.1585,0.0777,0.0008,0.0,0.9211,0.0005,0.256,low,False,0.0,0.64,0.1311,0.0288
sampleimg/Square/square (147).jpg,Square,square,square,사각형,True,0.8908,high,0.8141,False,round,0.0767,,,196.09,165.19,1.187,118.34,165.19,136.03,0.7164,0.8235,136.03,0.8235,40.5,0.2065,87.0,0.4437,115.02,45.01,0.6963,0.2725,96.0,0.5811,0.7057,0.87,1.2327,0.8235,0.5811,0.4219,52.09,0.2656,70.11,0.0,0.4244,23.5,0.3009,0.2306,0.8617,130.47,0.1365,0.4029,152.3,0.2725,0.2482,0.0767,0.0151,0.0038,0.8908,0.0136,0.3395,low,False,0.0,0.8488,0.1423,0.0121
sampleimg/Square/square (447).jpg,Square,square,round,둥근형,False,0.2849,low,0.0223,True,square,0.2626,,,226.0,188.0,1.2021,138.0,188.0,151.0,0.734,0.8032,151.0,0.8032,49.5,0.219,93.0,0.4115,123.0,49.01,0.6543,0.2607,104.0,0.5532,0.6888,0.9139,1.3269,0.8032,0.5532,0.4759,65.0,0.2876,89.09,8.0,0.4739,2.0,0.3142,0.2257,0.867,137.25,0.1238,0.4203,145.95,0.2607,0.0213,0.2849,0.2471,0.0592,0.2626,0.1463,0.947,good,True,0.9117,1.0,0.0106,0.0
sampleimg/Square/square (468).jpg,Square,square,square,사각형,True,0.5196,high,0.2141,False,round,0.3054,,,267.9,230.7,1.1613,172.57,230.7,180.4,0.748,0.782,180.4,0.782,56.0,0.209,105.0,0.3919,148.49,58.14,0.6436,0.252,125.26,0.5429,0.6943,0.9566,1.3777,0.782,0.5429,0.4471,77.16,0.288,86.21,1.0,0.3737,5.0,0.3143,0.2891,0.887,135.11,0.1323,0.3845,145.44,0.252,0.0867,0.3054,0.1334,0.0042,0.5196,0.0374,0.6315,warning,True,0.8192,0.35,0.0217,0.052
